{"name":"02a07308-c9e3-4387-be94-12191a38bbb3","id":"/providers/Microsoft.Flow/flows/02a07308-c9e3-4387-be94-12191a38bbb3","type":"Microsoft.Flow/flows","properties":{"apiId":"/providers/Microsoft.PowerApps/apis/shared_logicflows","displayName":"Send Email with Entity Attachment from Notes","definition":{"metadata":{"workflowEntityId":"832437f1-708e-ea11-a811-000d3a300a53","creator":{"id":"d6dc0100-49e0-4105-b1ea-82fe73b76720","type":"User","tenantId":"93f33571-550f-43cf-b09f-cd331338d086"},"provisioningMethod":"FromDefinition","failureAlertSubscription":true,"clientLastModifiedTime":"2020-05-05T11:23:49.6548971Z"},"$schema":"https://schema.management.azure.com/providers/Microsoft.Logic/schemas/2016-06-01/workflowdefinition.json#","contentVersion":"1.0.0.0","parameters":{"$connections":{"defaultValue":{},"type":"Object"},"$authentication":{"defaultValue":{},"type":"SecureObject"},"cdsruntimecertificate":{"type":"String"},"cdsruntimecertificatepassword":{"type":"SecureString"}},"triggers":{"When_a_Contact_record_is_assigned":{"type":"OpenApiConnectionWebhook","inputs":{"host":{"apiId":"/providers/Microsoft.PowerApps/apis/shared_commondataserviceforapps","connectionName":"shared_commondataserviceforapps","operationId":"SubscribeWebhookTrigger"},"parameters":{"subscriptionRequest/message":3,"subscriptionRequest/entityname":"contact","subscriptionRequest/scope":4,"subscriptionRequest/filteringattributes":"ownerid","subscriptionRequest/name":"832437f1-708e-ea11-a811-000d3a300a53"},"authentication":"@parameters('$authentication')"}}},"actions":{"List_related_Notes_records_with_attachment":{"runAfter":{},"type":"OpenApiConnection","inputs":{"host":{"apiId":"/providers/Microsoft.PowerApps/apis/shared_commondataserviceforapps","connectionName":"shared_commondataserviceforapps","operationId":"ListRecords"},"parameters":{"entityName":"annotations","$select":"filename,mimetype,documentbody","$filter":"_objectid_value eq @{triggerOutputs()?['body/contactid']} and isdocument eq true"},"authentication":"@parameters('$authentication')"}},"List_Mailbox_Queue":{"runAfter":{"List_related_Notes_records_with_attachment":["Succeeded"]},"type":"OpenApiConnection","inputs":{"host":{"apiId":"/providers/Microsoft.PowerApps/apis/shared_commondataserviceforapps","connectionName":"shared_commondataserviceforapps","operationId":"ListRecords"},"parameters":{"entityName":"queues","$select":"queueid","$filter":"name eq 'Mailbox Queue'"},"authentication":"@parameters('$authentication')"}},"Create_a_new_Email_record":{"runAfter":{"List_Mailbox_Queue":["Succeeded"]},"type":"OpenApiConnection","inputs":{"host":{"apiId":"/providers/Microsoft.PowerApps/apis/shared_commondataserviceforapps","connectionName":"shared_commondataserviceforapps","operationId":"CreateRecord"},"parameters":{"entityName":"emails","item/activitypointer_activity_parties":[{"participationtypemask":1,"partyid@odata.bind":"queues(@{first(outputs('List_Mailbox_Queue')?['body/value'])?['queueid']})"},{"participationtypemask":2,"partyid@odata.bind":"systemusers(@{triggerOutputs()?['body/_ownerid_value']})"}],"item/regardingobjectid_contact_email@odata.bind":"contacts(@{triggerOutputs()?['body/contactid']})","item/subject":"Contact record has been assigned to you"},"authentication":"@parameters('$authentication')"}},"Apply_to_each_Notes_with_attachment":{"foreach":"@outputs('List_related_Notes_records_with_attachment')?['body/value']","actions":{"Create_a_new_Activity_MIME_Attachment_record":{"runAfter":{},"type":"OpenApiConnection","inputs":{"host":{"apiId":"/providers/Microsoft.PowerApps/apis/shared_commondataservice","connectionName":"shared_commondataservice","operationId":"PostItem_V2"},"parameters":{"dataset":"default.cds","table":"activitymimeattachments","item/_attachmentid_value":"@null","item/objecttypecode":"email","item/_objectid_value":"@outputs('Create_a_new_Email_record')?['body/activityid']","item/_objectid_type":"emails"},"authentication":"@parameters('$authentication')"}},"Update_file_contents_of_Activity_MIME_Attachment_record":{"runAfter":{"Create_a_new_Activity_MIME_Attachment_record":["Succeeded"]},"type":"OpenApiConnection","inputs":{"host":{"apiId":"/providers/Microsoft.PowerApps/apis/shared_commondataserviceforapps","connectionName":"shared_commondataserviceforapps","operationId":"UpdateRecord"},"parameters":{"entityName":"activitymimeattachments","recordId":"@outputs('Create_a_new_Activity_MIME_Attachment_record')?['body/activitymimeattachmentid']","item/body":"@items('Apply_to_each_Notes_with_attachment')?['documentbody']","item/filename":"@items('Apply_to_each_Notes_with_attachment')?['filename']","item/mimetype":"@items('Apply_to_each_Notes_with_attachment')?['mimetype']"},"authentication":"@parameters('$authentication')"}}},"runAfter":{"Create_a_new_Email_record":["Succeeded"]},"type":"Foreach"},"Perform_a_Send_Email_bound_action":{"runAfter":{"Apply_to_each_Notes_with_attachment":["Succeeded"]},"type":"OpenApiConnection","inputs":{"host":{"apiId":"/providers/Microsoft.PowerApps/apis/shared_commondataserviceforapps","connectionName":"shared_commondataserviceforapps","operationId":"PerformBoundAction"},"parameters":{"entityName":"emails","actionName":"Microsoft.Dynamics.CRM.SendEmail","recordId":"@outputs('Create_a_new_Email_record')?['body/activityid']","item/IssueSend":true},"authentication":"@parameters('$authentication')"}}},"outputs":{}},"connectionReferences":{"shared_commondataserviceforapps":{"connectionName":"923d6b6c586a48209b9d24c278ec3e0e","source":"Embedded","id":"/providers/Microsoft.PowerApps/apis/shared_commondataserviceforapps","tier":"NotSpecified"},"shared_commondataservice":{"connectionName":"shared-commondataser-fa1794e8-098a-4b18-83f9-8536f64c5ae4","source":"Embedded","id":"/providers/Microsoft.PowerApps/apis/shared_commondataservice","tier":"NotSpecified"}},"flowFailureAlertSubscribed":false}}