{"properties":{"connectionReferences":{"shared_commondataserviceforapps":{"runtimeSource":"embedded","connection":{"connectionReferenceLogicalName":"cat_CDSConnection"},"api":{"name":"shared_commondataserviceforapps"}},"shared_sharepointonline":{"runtimeSource":"embedded","connection":{"connectionReferenceLogicalName":"lzw_sharedsharepointonline_47bbe"},"api":{"name":"shared_sharepointonline"}}},"definition":{"$schema":"https://schema.management.azure.com/providers/Microsoft.Logic/schemas/2016-06-01/workflowdefinition.json#","contentVersion":"1.0.0.0","parameters":{"$connections":{"defaultValue":{},"type":"Object"},"$authentication":{"defaultValue":{},"type":"SecureObject"},"SharePoint Folder Structure":{"defaultValue":{"folderstructure":[{"logicalname":"contact","folders":[{"name":"Public"},{"name":"Private/Identity Documents"},{"name":"Private/Proof of Address"},{"name":"Private/Financial Statements/Bank Statements"},{"name":"Private/Financial Statements/Credit Card Statements"}]},{"logicalname":"lzw_application","folders":[{"name":"Approval Letters"},{"name":"Supporting Documents"}]}]},"type":"Object","metadata":{"schemaName":"lzw_SharePointFolderStructure","description":"The Folder Structure to be created in SharePoint document location"}}},"triggers":{"When_Application_is_added":{"type":"OpenApiConnectionWebhook","inputs":{"host":{"connectionName":"shared_commondataserviceforapps","operationId":"SubscribeWebhookTrigger","apiId":"/providers/Microsoft.PowerApps/apis/shared_commondataserviceforapps"},"parameters":{"subscriptionRequest/message":4,"subscriptionRequest/entityname":"lzw_application","subscriptionRequest/scope":4},"authentication":"@parameters('$authentication')"}}},"actions":{"Initialize_Folder_Name_variable":{"runAfter":{},"type":"InitializeVariable","inputs":{"variables":[{"name":"Folder Name","type":"string","value":"@{triggerOutputs()?['body/lzw_name']}_@{toUpper(replace(triggerOutputs()?['body/lzw_applicationid'], '-', ''))}"}]},"description":"toUpper(replace(triggerOutputs()?['body/lzw_applicationid'], '-', ''))"},"Initialize_SharePoint_Site_Address_variable":{"runAfter":{"List_SharePoint_Site_-_URL":["Succeeded"]},"type":"InitializeVariable","inputs":{"variables":[{"name":"SharePoint Site Address","type":"string","value":"@{first(outputs('List_SharePoint_Site_-_URL')?['body/value'])?['absoluteurl']}"}]},"description":"first(outputs('List_SharePoint_Site_-_URL')?['body/value'])?['absoluteurl']"},"List_SharePoint_Site_-_URL":{"runAfter":{"Initialize_Parent_Location_variable":["Succeeded"]},"type":"OpenApiConnection","inputs":{"host":{"connectionName":"shared_commondataserviceforapps","operationId":"ListRecords","apiId":"/providers/Microsoft.PowerApps/apis/shared_commondataserviceforapps"},"parameters":{"entityName":"sharepointsites","$select":"absoluteurl","$filter":"isdefault eq true"},"authentication":"@parameters('$authentication')"}},"If_Document_Location_exists_for_current_Application":{"actions":{"Set_Folder_Name_variable_=_existing_Document_Location":{"runAfter":{},"type":"SetVariable","inputs":{"name":"Folder Name","value":"@{first(outputs('List_Document_Locations_-_Existing_ones_for_current_Application')?['body/value'])?['relativeurl']}"},"description":"first(outputs('List_Document_Locations_-_Existing_ones_for_current_Application')?['body/value'])?['relativeurl']"}},"runAfter":{"List_Document_Locations_-_Existing_ones_for_current_Application":["Succeeded"]},"else":{"actions":{"If_Contact_has_value":{"actions":{"List_Document_Locations_-_related_to_Contact":{"runAfter":{},"type":"OpenApiConnection","inputs":{"host":{"connectionName":"shared_commondataserviceforapps","operationId":"ListRecords","apiId":"/providers/Microsoft.PowerApps/apis/shared_commondataserviceforapps"},"parameters":{"entityName":"sharepointdocumentlocations","$select":"sharepointdocumentlocationid,relativeurl","$filter":"_regardingobjectid_value eq @{triggerOutputs()?['body/_lzw_contact_value']}"},"authentication":"@parameters('$authentication')"}},"Create_new_folder_for_Application_under_Customer_Contact_Document_Location":{"runAfter":{"List_Document_Locations_-_related_to_Contact":["Succeeded"]},"type":"OpenApiConnection","inputs":{"host":{"connectionName":"shared_sharepointonline","operationId":"CreateNewFolder","apiId":"/providers/Microsoft.PowerApps/apis/shared_sharepointonline"},"parameters":{"dataset":"@variables('SharePoint Site Address')","table":"contact","parameters/path":"@{first(outputs('List_Document_Locations_-_related_to_Contact')?['body/value'])?['relativeurl']}/lzw_application/@{variables('Folder Name')}"},"authentication":"@parameters('$authentication')"},"description":"first(outputs('List_Document_Locations_-_related_to_Contact')?['body/value'])?['relativeurl']"},"List_Document_Locations_-_existing_Application_folder":{"runAfter":{"Create_new_folder_for_Application_under_Customer_Contact_Document_Location":["Succeeded"]},"type":"OpenApiConnection","inputs":{"host":{"connectionName":"shared_commondataserviceforapps","operationId":"ListRecords","apiId":"/providers/Microsoft.PowerApps/apis/shared_commondataserviceforapps"},"parameters":{"entityName":"sharepointdocumentlocations","$select":"sharepointdocumentlocationid","$filter":"relativeurl eq 'lzw_application' and _parentsiteorlocation_value eq @{first(outputs('List_Document_Locations_-_related_to_Contact')?['body/value'])?['sharepointdocumentlocationid']}"},"authentication":"@parameters('$authentication')"},"description":"first(outputs('List_Document_Locations_-_related_to_Contact')?['body/value'])?['sharepointdocumentlocationid']"},"If_there_is_existing_Application_folder":{"actions":{"Set_Parent_Location_variable_with_Existing_Document_Location":{"runAfter":{},"type":"SetVariable","inputs":{"name":"Parent Location","value":"@{first(outputs('List_Document_Locations_-_existing_Application_folder')?['body/value'])?['sharepointdocumentlocationid']}"},"description":"first(outputs('List_Document_Locations_-_existing_Application_folder')?['body/value'])?['sharepointdocumentlocationid']"}},"runAfter":{"List_Document_Locations_-_existing_Application_folder":["Succeeded"]},"else":{"actions":{"Set_Parent_Location_variable_with_Application_Subfolder_Document_Location":{"runAfter":{"Add_a_new_Document_Location_for_Application_under_Contact":["Succeeded"]},"type":"SetVariable","inputs":{"name":"Parent Location","value":"@outputs('Add_a_new_Document_Location_for_Application_under_Contact')?['body/sharepointdocumentlocationid']"}},"Add_a_new_Document_Location_for_Application_under_Contact":{"runAfter":{},"type":"OpenApiConnection","inputs":{"host":{"connectionName":"shared_commondataserviceforapps","operationId":"CreateRecord","apiId":"/providers/Microsoft.PowerApps/apis/shared_commondataserviceforapps"},"parameters":{"entityName":"sharepointdocumentlocations","item/name":"Documents for Case","item/parentsiteorlocation_sharepointdocumentlocation@odata.bind":"sharepointdocumentlocations(@{first(outputs('List_Document_Locations_-_related_to_Contact')?['body/value'])?['sharepointdocumentlocationid']})","item/relativeurl":"incident"},"authentication":"@parameters('$authentication')"},"description":"first(outputs('List_Document_Locations_-_related_to_Contact')?['body/value'])?['sharepointdocumentlocationid']"}}},"expression":{"greater":["@length(outputs('List_Document_Locations_-_existing_Application_folder')?['body/value'])",0]},"type":"If","description":"length(outputs('List_Document_Locations_-_existing_Application_folder')?['body/value'])"}},"runAfter":{},"else":{"actions":{"Create_new_folder_for_Application_under_Application_root_Document_Location":{"runAfter":{},"type":"OpenApiConnection","inputs":{"host":{"connectionName":"shared_sharepointonline","operationId":"CreateNewFolder","apiId":"/providers/Microsoft.PowerApps/apis/shared_sharepointonline"},"parameters":{"dataset":"@variables('SharePoint Site Address')","table":"Application","parameters/path":"@variables('Folder Name')"},"authentication":"@parameters('$authentication')"},"description":"variables('SharePoint Site Address')"},"List_Document_Location_-_Parent_Document_Location_for_Application":{"runAfter":{"Create_new_folder_for_Application_under_Application_root_Document_Location":["Succeeded"]},"type":"OpenApiConnection","inputs":{"host":{"connectionName":"shared_commondataserviceforapps","operationId":"ListRecords","apiId":"/providers/Microsoft.PowerApps/apis/shared_commondataserviceforapps"},"parameters":{"entityName":"sharepointdocumentlocations","$select":"sharepointdocumentlocationid","$filter":"relativeurl eq 'lzw_application' and startswith(parentsiteorlocation_sharepointsite/absoluteurl, 'http')"},"authentication":"@parameters('$authentication')"}},"Set_Parent_Location_variable_with_Application_root_Document_Location":{"runAfter":{"List_Document_Location_-_Parent_Document_Location_for_Application":["Succeeded"]},"type":"SetVariable","inputs":{"name":"Parent Location","value":"@{first(outputs('List_Document_Location_-_Parent_Document_Location_for_Application')?['body/value'])?['sharepointdocumentlocationid']}"},"description":"first(outputs('List_Document_Location_-_Parent_Document_Location_for_Application')?['body/value'])?['sharepointdocumentlocationid']"}}},"expression":{"not":{"equals":["@triggerOutputs()?['body/_lzw_contact_value']","@null"]}},"type":"If","description":"triggerOutputs()?['body/_customerid_type']"},"Add_a_new_Document_Location_for_Application":{"runAfter":{"If_Contact_has_value":["Succeeded"]},"type":"OpenApiConnection","inputs":{"host":{"connectionName":"shared_commondataserviceforapps","operationId":"CreateRecord","apiId":"/providers/Microsoft.PowerApps/apis/shared_commondataserviceforapps"},"parameters":{"entityName":"sharepointdocumentlocations","item/name":"Documents for @{triggerOutputs()?['body/lzw_name']}","item/parentsiteorlocation_sharepointdocumentlocation@odata.bind":"sharepointdocumentlocations(@{variables('Parent Location')})","item/regardingobjectid_lzw_application@odata.bind":"lzw_applications(@{triggerOutputs()?['body/lzw_applicationid']})","item/relativeurl":"@variables('Folder Name')"},"authentication":"@parameters('$authentication')"}}}},"expression":{"greater":["@length(outputs('List_Document_Locations_-_Existing_ones_for_current_Application')?['body/value'])",0]},"type":"If","description":"length(outputs('List_Document_Locations_-_Existing_ones_for_current_Application')?['body/value'])"},"Create_subfolder":{"actions":{"Apply_to_each_Folder":{"foreach":"@first(body('Filter_SharePoint_Folder_Structure_array'))?['folders']","actions":{"Create_new_folder":{"runAfter":{},"type":"OpenApiConnection","inputs":{"host":{"connectionName":"shared_sharepointonline","operationId":"CreateNewFolder","apiId":"/providers/Microsoft.PowerApps/apis/shared_sharepointonline"},"parameters":{"dataset":"@variables('SharePoint Site Address')","table":"contact","parameters/path":"@{variables('Folder Name')}/@{items('Apply_to_each_Folder')?['name']}"},"authentication":"@parameters('$authentication')"}}},"runAfter":{"Filter_SharePoint_Folder_Structure_array":["Succeeded"]},"type":"Foreach","description":"first(body('Filter_SharePoint_Folder_Structure_array'))?['folders']"},"Filter_SharePoint_Folder_Structure_array":{"runAfter":{},"type":"Query","inputs":{"from":"@parameters('SharePoint Folder Structure')?['folderstructure']","where":"@equals(item()?['logicalname'], 'lzw_application')"},"description":"parameters('SharePoint Folder Structure')?['folderstructure']"}},"runAfter":{"If_Document_Location_exists_for_current_Application":["Succeeded"]},"type":"Scope"},"List_Document_Locations_-_Existing_ones_for_current_Application":{"runAfter":{"Initialize_SharePoint_Site_Address_variable":["Succeeded"]},"type":"OpenApiConnection","inputs":{"host":{"connectionName":"shared_commondataserviceforapps","operationId":"ListRecords","apiId":"/providers/Microsoft.PowerApps/apis/shared_commondataserviceforapps"},"parameters":{"entityName":"sharepointdocumentlocations","$select":"relativeurl","$filter":"_regardingobjectid_value eq @{triggerOutputs()?['body/lzw_applicationid']}"},"authentication":"@parameters('$authentication')"}},"Initialize_Parent_Location_variable":{"runAfter":{"Initialize_Folder_Name_variable":["Succeeded"]},"type":"InitializeVariable","inputs":{"variables":[{"name":"Parent Location","type":"string"}]}}},"outputs":{}}},"schemaVersion":"1.0.0.0"}