{"properties":{"connectionReferences":{"shared_commondataserviceforapps":{"runtimeSource":"embedded","connection":{"connectionReferenceLogicalName":"lzw_TimeTrackingDataverseConnectionReference"},"api":{"name":"shared_commondataserviceforapps"}},"shared_sharepointonline":{"runtimeSource":"embedded","connection":{"connectionReferenceLogicalName":"lzw_sharedsharepointonline_47bbe"},"api":{"name":"shared_sharepointonline"}}},"definition":{"$schema":"https://schema.management.azure.com/providers/Microsoft.Logic/schemas/2016-06-01/workflowdefinition.json#","contentVersion":"1.0.0.0","parameters":{"$connections":{"defaultValue":{},"type":"Object"},"$authentication":{"defaultValue":{},"type":"SecureObject"},"SharePoint Folder Structure":{"defaultValue":{"folderstructure":[{"logicalname":"contact","folders":[{"name":"Public"},{"name":"Private/Identity Documents"},{"name":"Private/Proof of Address"},{"name":"Private/Financial Statements/Bank Statements"},{"name":"Private/Financial Statements/Credit Card Statements"}]},{"logicalname":"lzw_application","folders":[{"name":"Approval Letters"},{"name":"Supporting Documents"}]}]},"type":"Object","metadata":{"schemaName":"lzw_SharePointFolderStructure","description":"The Folder Structure to be created in SharePoint document location"}}},"triggers":{"When_Contact_is_added":{"type":"OpenApiConnectionWebhook","inputs":{"host":{"connectionName":"shared_commondataserviceforapps","operationId":"SubscribeWebhookTrigger","apiId":"/providers/Microsoft.PowerApps/apis/shared_commondataserviceforapps"},"parameters":{"subscriptionRequest/message":1,"subscriptionRequest/entityname":"contact","subscriptionRequest/scope":4},"authentication":"@parameters('$authentication')"}}},"actions":{"Initialize_Folder_Name_variable":{"runAfter":{},"type":"InitializeVariable","inputs":{"variables":[{"name":"Folder Name","type":"string","value":"@{triggerOutputs()?['body/fullname']}_@{toUpper(replace(triggerOutputs()?['body/contactid'], '-', ''))}"}]},"description":"toUpper(replace(triggerOutputs()?['body/contactid'], '-', ''))"},"Initialize_SharePoint_Site_Address_variable":{"runAfter":{"List_SharePoint_Site_-_URL":["Succeeded"]},"type":"InitializeVariable","inputs":{"variables":[{"name":"SharePoint Site Address","type":"string","value":"@{first(outputs('List_SharePoint_Site_-_URL')?['body/value'])?['absoluteurl']}"}]},"description":"first(outputs('List_SharePoint_Site_-_URL')?['body/value'])?['absoluteurl']"},"List_SharePoint_Site_-_URL":{"runAfter":{"Initialize_Folder_Name_variable":["Succeeded"]},"type":"OpenApiConnection","inputs":{"host":{"connectionName":"shared_commondataserviceforapps","operationId":"ListRecords","apiId":"/providers/Microsoft.PowerApps/apis/shared_commondataserviceforapps"},"parameters":{"entityName":"sharepointsites","$select":"absoluteurl","$filter":"isdefault eq true"},"authentication":"@parameters('$authentication')"}},"List_Document_Locations_-_Existing_ones_for_current_Contact":{"runAfter":{"Initialize_SharePoint_Site_Address_variable":["Succeeded"]},"type":"OpenApiConnection","inputs":{"host":{"connectionName":"shared_commondataserviceforapps","operationId":"ListRecords","apiId":"/providers/Microsoft.PowerApps/apis/shared_commondataserviceforapps"},"parameters":{"entityName":"sharepointdocumentlocations","$select":"relativeurl","$filter":"_regardingobjectid_value eq @{triggerOutputs()?['body/contactid']}"},"authentication":"@parameters('$authentication')"}},"If_Document_Location_exists_for_current_Contact":{"actions":{"Set_Folder_Name_variable_=_existing_Document_Location":{"runAfter":{},"type":"SetVariable","inputs":{"name":"Folder Name","value":"@{first(outputs('List_Document_Locations_-_Existing_ones_for_current_Contact')?['body/value'])?['relativeurl']}"},"description":"first(outputs('List_Document_Locations_-_Existing_ones_for_current_Contact')?['body/value'])?['relativeurl']"}},"runAfter":{"List_Document_Locations_-_Existing_ones_for_current_Contact":["Succeeded"]},"else":{"actions":{"List_Document_Location_-_Parent_Document_Location_for_Contact":{"runAfter":{"Create_new_folder_for_Contact":["Succeeded"]},"type":"OpenApiConnection","inputs":{"host":{"connectionName":"shared_commondataserviceforapps","operationId":"ListRecords","apiId":"/providers/Microsoft.PowerApps/apis/shared_commondataserviceforapps"},"parameters":{"entityName":"sharepointdocumentlocations","$select":"sharepointdocumentlocationid","$filter":"relativeurl eq 'contact' and startswith(parentsiteorlocation_sharepointsite/absoluteurl, 'http')"},"authentication":"@parameters('$authentication')"}},"Create_new_folder_for_Contact":{"runAfter":{},"type":"OpenApiConnection","inputs":{"host":{"connectionName":"shared_sharepointonline","operationId":"CreateNewFolder","apiId":"/providers/Microsoft.PowerApps/apis/shared_sharepointonline"},"parameters":{"dataset":"@variables('SharePoint Site Address')","table":"contact","parameters/path":"@variables('Folder Name')"},"authentication":"@parameters('$authentication')"}},"Add_a_new_Document_Location_for_Contact":{"runAfter":{"List_Document_Location_-_Parent_Document_Location_for_Contact":["Succeeded"]},"type":"OpenApiConnection","inputs":{"host":{"connectionName":"shared_commondataserviceforapps","operationId":"CreateRecord","apiId":"/providers/Microsoft.PowerApps/apis/shared_commondataserviceforapps"},"parameters":{"entityName":"sharepointdocumentlocations","item/name":"Documents for @{triggerOutputs()?['body/fullname']}","item/parentsiteorlocation_sharepointdocumentlocation@odata.bind":"sharepointdocumentlocations(@{first(outputs('List_Document_Location_-_Parent_Document_Location_for_Contact')?['body/value'])?['sharepointdocumentlocationid']})","item/regardingobjectid_contact@odata.bind":"contacts(@{triggerOutputs()?['body/contactid']})","item/relativeurl":"@variables('Folder Name')"},"authentication":"@parameters('$authentication')"}}}},"expression":{"greater":["@length(outputs('List_Document_Locations_-_Existing_ones_for_current_Contact')?['body/value'])",0]},"type":"If","description":"length(outputs('List_Document_Locations_-_Existing_ones_for_current_Contact')?['body/value'])"},"Create_subfolder":{"actions":{"Apply_to_each_Folder":{"foreach":"@first(body('Filter_SharePoint_Folder_Structure_array'))?['folders']","actions":{"Create_new_folder":{"runAfter":{},"type":"OpenApiConnection","inputs":{"host":{"connectionName":"shared_sharepointonline","operationId":"CreateNewFolder","apiId":"/providers/Microsoft.PowerApps/apis/shared_sharepointonline"},"parameters":{"dataset":"@variables('SharePoint Site Address')","table":"contact","parameters/path":"@{variables('Folder Name')}/@{items('Apply_to_each_Folder')?['name']}"},"authentication":"@parameters('$authentication')"}}},"runAfter":{"Filter_SharePoint_Folder_Structure_array":["Succeeded"]},"type":"Foreach","description":"first(body('Filter_SharePoint_Folder_Structure_array'))?['folders']"},"Filter_SharePoint_Folder_Structure_array":{"runAfter":{},"type":"Query","inputs":{"from":"@parameters('SharePoint Folder Structure')?['folderstructure']","where":"@equals(item()?['logicalname'], 'contact')"},"description":"parameters('SharePoint Folder Structure')?['folderstructure']"}},"runAfter":{"If_Document_Location_exists_for_current_Contact":["Succeeded"]},"type":"Scope"}},"outputs":{}}},"schemaVersion":"1.0.0.0"}