{"properties":{"connectionReferences":{"shared_commondataserviceforapps":{"runtimeSource":"embedded","connection":{"connectionReferenceLogicalName":"lzw_TimeTrackingDataverseConnectionReference"},"api":{"name":"shared_commondataserviceforapps"}}},"definition":{"$schema":"https://schema.management.azure.com/providers/Microsoft.Logic/schemas/2016-06-01/workflowdefinition.json#","contentVersion":"1.0.0.0","parameters":{"$connections":{"defaultValue":{},"type":"Object"},"$authentication":{"defaultValue":{},"type":"SecureObject"}},"triggers":{"When_a_Document_Location_is_created":{"type":"OpenApiConnectionWebhook","inputs":{"host":{"connectionName":"shared_commondataserviceforapps","operationId":"SubscribeWebhookTrigger","apiId":"/providers/Microsoft.PowerApps/apis/shared_commondataserviceforapps"},"parameters":{"subscriptionRequest/message":1,"subscriptionRequest/entityname":"sharepointdocumentlocation","subscriptionRequest/scope":4},"authentication":"@parameters('$authentication')"}}},"actions":{"Get_Document_Location_related_URL":{"runAfter":{},"type":"OpenApiConnection","inputs":{"host":{"connectionName":"shared_commondataserviceforapps","operationId":"GetItem","apiId":"/providers/Microsoft.PowerApps/apis/shared_commondataserviceforapps"},"parameters":{"entityName":"sharepointdocumentlocations","recordId":"@triggerOutputs()?['body/_parentsiteorlocation_value']","$select":"relativeurl","$expand":"parentsiteorlocation_sharepointsite($select=absoluteurl)"},"authentication":"@parameters('$authentication')"}},"Compose_Document_URL":{"runAfter":{"Get_Document_Location_related_URL":["Succeeded"]},"type":"Compose","inputs":"@{outputs('Get_Document_Location_related_URL')?['body/parentsiteorlocation_sharepointsite/absoluteurl']}/@{outputs('Get_Document_Location_related_URL')?['body/relativeurl']}/@{triggerOutputs()?['body/relativeurl']}"},"Update_a_row_to_populate_Document_Location_URL":{"runAfter":{"Compose_Document_URL":["Succeeded"]},"type":"OpenApiConnection","inputs":{"host":{"connectionName":"shared_commondataserviceforapps","operationId":"UpdateRecord","apiId":"/providers/Microsoft.PowerApps/apis/shared_commondataserviceforapps"},"parameters":{"entityName":"@triggerOutputs()?['body/_regardingobjectid_type']","recordId":"@triggerOutputs()?['body/_regardingobjectid_value']","item":{"lzw_documentlocation":"@outputs('Compose_Document_URL')"}},"authentication":"@parameters('$authentication')"},"description":"triggerOutputs()?['body/_regardingobjectid_type']"}}}},"schemaVersion":"1.0.0.0"}