{"properties":{"connectionReferences":{"shared_commondataserviceforapps":{"runtimeSource":"embedded","connection":{"connectionReferenceLogicalName":"cat_CDSConnection"},"api":{"name":"shared_commondataserviceforapps"}},"shared_commondataserviceforapps_1":{"runtimeSource":"embedded","connection":{"connectionReferenceLogicalName":"lzw_TimeTrackingDataverseConnectionReference"},"api":{"name":"shared_commondataserviceforapps"}},"shared_sharepointonline":{"runtimeSource":"embedded","connection":{"connectionReferenceLogicalName":"lzw_sharedsharepointonline_47bbe"},"api":{"name":"shared_sharepointonline"}}},"definition":{"$schema":"https://schema.management.azure.com/providers/Microsoft.Logic/schemas/2016-06-01/workflowdefinition.json#","contentVersion":"1.0.0.0","parameters":{"$connections":{"defaultValue":{},"type":"Object"},"$authentication":{"defaultValue":{},"type":"SecureObject"}},"triggers":{"When_Email_is_added_or_modified_-_Regarding":{"type":"OpenApiConnectionWebhook","inputs":{"host":{"connectionName":"shared_commondataserviceforapps","operationId":"SubscribeWebhookTrigger","apiId":"/providers/Microsoft.PowerApps/apis/shared_commondataserviceforapps"},"parameters":{"subscriptionRequest/message":4,"subscriptionRequest/entityname":"email","subscriptionRequest/scope":4,"subscriptionRequest/filteringattributes":"regardingobjectid","subscriptionRequest/filterexpression":"_regardingobjectid_value ne null"},"authentication":"@parameters('$authentication')"}}},"actions":{"List_Document_Locations_of_Contact":{"runAfter":{"List_SharePoint_Site_-_URL":["Succeeded"]},"type":"OpenApiConnection","inputs":{"host":{"connectionName":"shared_commondataserviceforapps","operationId":"ListRecords","apiId":"/providers/Microsoft.PowerApps/apis/shared_commondataserviceforapps"},"parameters":{"entityName":"sharepointdocumentlocations","$select":"relativeurl","$filter":"_regardingobjectid_value eq @{triggerOutputs()?['body/_regardingobjectid_value']}","$expand":"parentsiteorlocation_sharepointdocumentlocation($select=relativeurl)"},"authentication":"@parameters('$authentication')"}},"List_SharePoint_Site_-_URL":{"runAfter":{"If_Email_is_related_to_Contact":["Succeeded"]},"type":"OpenApiConnection","inputs":{"host":{"connectionName":"shared_commondataserviceforapps","operationId":"ListRecords","apiId":"/providers/Microsoft.PowerApps/apis/shared_commondataserviceforapps"},"parameters":{"entityName":"sharepointsites","$select":"absoluteurl","$filter":"isdefault eq true"},"authentication":"@parameters('$authentication')"}},"If_Email_is_related_to_Contact":{"actions":{},"runAfter":{},"else":{"actions":{"Cancel_the_flow":{"runAfter":{},"type":"Terminate","inputs":{"runStatus":"Cancelled"}}}},"expression":{"equals":["@triggerOutputs()?['body/_regardingobjectid_type']","contacts"]},"type":"If","description":"triggerOutputs()?['body/_regardingobjectid_type']"},"List_Attachments_of_the_Email":{"runAfter":{"List_Document_Locations_of_Contact":["Succeeded"]},"type":"OpenApiConnection","inputs":{"host":{"connectionName":"shared_commondataserviceforapps_1","operationId":"ListRecords","apiId":"/providers/Microsoft.PowerApps/apis/shared_commondataserviceforapps"},"parameters":{"entityName":"activitymimeattachments","$select":"activitymimeattachmentid,filename,body","$filter":"_activityid_value eq @{triggerOutputs()?['body/activityid']}"},"authentication":"@parameters('$authentication')"}},"Apply_to_each_Attachment":{"foreach":"@outputs('List_Attachments_of_the_Email')?['body/value']","actions":{"Create_file":{"runAfter":{},"type":"OpenApiConnection","inputs":{"host":{"connectionName":"shared_sharepointonline","operationId":"CreateFile","apiId":"/providers/Microsoft.PowerApps/apis/shared_sharepointonline"},"parameters":{"dataset":"@first(outputs('List_SharePoint_Site_-_URL')?['body/value'])?['absoluteurl']","folderPath":"@{first(outputs('List_Document_Locations_of_Contact')?['body/value'])?['parentsiteorlocation_sharepointdocumentlocation/relativeurl']}/@{first(outputs('List_Document_Locations_of_Contact')?['body/value'])?['relativeurl']}/Private","name":"@items('Apply_to_each_Attachment')?['filename']","body":"@base64ToBinary(items('Apply_to_each_Attachment')?['body'])"},"authentication":"@parameters('$authentication')"},"description":"first(outputs('List_SharePoint_Site_-_URL')?['body/value'])?['absoluteurl']","runtimeConfiguration":{"contentTransfer":{"transferMode":"Chunked"}}},"Delete_the_Attachment":{"runAfter":{"Create_file":["Succeeded"]},"type":"OpenApiConnection","inputs":{"host":{"connectionName":"shared_commondataserviceforapps","operationId":"DeleteRecord","apiId":"/providers/Microsoft.PowerApps/apis/shared_commondataserviceforapps"},"parameters":{"entityName":"activitymimeattachments","recordId":"@items('Apply_to_each_Attachment')?['activitymimeattachmentid']"},"authentication":"@parameters('$authentication')"}}},"runAfter":{"List_Attachments_of_the_Email":["Succeeded"]},"type":"Foreach"}},"outputs":{}}},"schemaVersion":"1.0.0.0"}