{"properties":{"connectionReferences":{"shared_commondataserviceforapps":{"runtimeSource":"embedded","connection":{"connectionReferenceLogicalName":"lzw_TimeTrackingDataverseConnectionReference"},"api":{"name":"shared_commondataserviceforapps"}},"shared_sharepointonline":{"runtimeSource":"embedded","connection":{"connectionReferenceLogicalName":"lzw_sharedsharepointonline_47bbe"},"api":{"name":"shared_sharepointonline"}}},"definition":{"$schema":"https://schema.management.azure.com/providers/Microsoft.Logic/schemas/2016-06-01/workflowdefinition.json#","contentVersion":"1.0.0.0","parameters":{"$connections":{"defaultValue":{},"type":"Object"},"$authentication":{"defaultValue":{},"type":"SecureObject"}},"triggers":{"When_Note_is_added_or_modified":{"type":"OpenApiConnectionWebhook","inputs":{"host":{"connectionName":"shared_commondataserviceforapps","operationId":"SubscribeWebhookTrigger","apiId":"/providers/Microsoft.PowerApps/apis/shared_commondataserviceforapps"},"parameters":{"subscriptionRequest/message":4,"subscriptionRequest/entityname":"annotation","subscriptionRequest/scope":4,"subscriptionRequest/filteringattributes":"isdocument","subscriptionRequest/filterexpression":"isdocument eq true"},"authentication":"@parameters('$authentication')"}}},"actions":{"List_Document_Locations_of_Contact":{"runAfter":{"List_SharePoint_Site_-_URL":["Succeeded"]},"type":"OpenApiConnection","inputs":{"host":{"connectionName":"shared_commondataserviceforapps","operationId":"ListRecords","apiId":"/providers/Microsoft.PowerApps/apis/shared_commondataserviceforapps"},"parameters":{"entityName":"sharepointdocumentlocations","$select":"relativeurl","$filter":"_regardingobjectid_value eq @{triggerOutputs()?['body/_objectid_value']}","$expand":"parentsiteorlocation_sharepointdocumentlocation($select=relativeurl)"},"authentication":"@parameters('$authentication')"}},"List_SharePoint_Site_-_URL":{"runAfter":{"If_Note_is_related_to_Contact":["Succeeded"]},"type":"OpenApiConnection","inputs":{"host":{"connectionName":"shared_commondataserviceforapps","operationId":"ListRecords","apiId":"/providers/Microsoft.PowerApps/apis/shared_commondataserviceforapps"},"parameters":{"entityName":"sharepointsites","$select":"absoluteurl","$filter":"isdefault eq true"},"authentication":"@parameters('$authentication')"}},"If_Note_is_related_to_Contact":{"actions":{},"runAfter":{},"else":{"actions":{"Cancel_the_flow":{"runAfter":{},"type":"Terminate","inputs":{"runStatus":"Cancelled"}}}},"expression":{"equals":["@triggerOutputs()?['body/_objectid_type']","contacts"]},"type":"If","description":"triggerOutputs()?['body/_objectid_type']"},"Create_file":{"runAfter":{"List_Document_Locations_of_Contact":["Succeeded"]},"type":"OpenApiConnection","inputs":{"host":{"connectionName":"shared_sharepointonline","operationId":"CreateFile","apiId":"/providers/Microsoft.PowerApps/apis/shared_sharepointonline"},"parameters":{"dataset":"@first(outputs('List_SharePoint_Site_-_URL')?['body/value'])?['absoluteurl']","folderPath":"@{first(outputs('List_Document_Locations_of_Contact')?['body/value'])?['parentsiteorlocation_sharepointdocumentlocation/relativeurl']}/@{first(outputs('List_Document_Locations_of_Contact')?['body/value'])?['relativeurl']}/Private","name":"@triggerOutputs()?['body/filename']","body":"@base64ToBinary(triggerOutputs()?['body/documentbody'])"},"authentication":"@parameters('$authentication')"},"description":"first(outputs('List_SharePoint_Site_-_URL')?['body/value'])?['absoluteurl']","runtimeConfiguration":{"contentTransfer":{"transferMode":"Chunked"}}},"If_Note_does_not_contain_Title_or_Description":{"actions":{"Delete_the_Note":{"runAfter":{},"type":"OpenApiConnection","inputs":{"host":{"connectionName":"shared_commondataserviceforapps","operationId":"DeleteRecord","apiId":"/providers/Microsoft.PowerApps/apis/shared_commondataserviceforapps"},"parameters":{"entityName":"annotations","recordId":"@triggerOutputs()?['body/annotationid']"},"authentication":"@parameters('$authentication')"}}},"runAfter":{"Create_file":["Succeeded"]},"else":{"actions":{"Update_a_Note_to_remove_attachment":{"runAfter":{},"type":"OpenApiConnection","inputs":{"host":{"connectionName":"shared_commondataserviceforapps","operationId":"UpdateRecord","apiId":"/providers/Microsoft.PowerApps/apis/shared_commondataserviceforapps"},"parameters":{"entityName":"annotations","recordId":"@triggerOutputs()?['body/annotationid']","item/isdocument":false,"item/documentbody":"@null","item/filename":"@null","item/mimetype":"@null"},"authentication":"@parameters('$authentication')"}}}},"expression":{"and":[{"equals":["@triggerOutputs()?['body/subject']","@null"]},{"equals":["@triggerOutputs()?['body/notetext']","@null"]}]},"type":"If"}},"outputs":{}}},"schemaVersion":"1.0.0.0"}