{"name":"f96c0240-4402-4eb5-b683-9e6f751164e0","id":"/providers/Microsoft.Flow/flows/f96c0240-4402-4eb5-b683-9e6f751164e0","type":"Microsoft.Flow/flows","properties":{"apiId":"/providers/Microsoft.PowerApps/apis/shared_logicflows","displayName":"Upload Documents by Account Number","definition":{"$schema":"https://schema.management.azure.com/providers/Microsoft.Logic/schemas/2016-06-01/workflowdefinition.json#","contentVersion":"1.0.0.0","parameters":{"$connections":{"defaultValue":{},"type":"Object"},"$authentication":{"defaultValue":{},"type":"SecureObject"}},"triggers":{"manual":{"type":"Request","kind":"Button","inputs":{"schema":{"type":"object","properties":{},"required":[]}}}},"actions":{"List_staging_Document_folder":{"runAfter":{"List_Account_parent_Document_Location":["Succeeded"]},"metadata":{"%252fDocuments%252fMindLink%2bTAC%2bFile%2bUpload":"/Documents/MindLink TAC File Upload"},"type":"OpenApiConnection","inputs":{"host":{"connectionName":"shared_sharepointonline","operationId":"ListFolder","apiId":"/providers/Microsoft.PowerApps/apis/shared_sharepointonline"},"parameters":{"dataset":"@variables('Source Site Address')","id":"@variables('Source Folder')"},"authentication":{"type":"Raw","value":"@json(decodeBase64(triggerOutputs().headers['X-MS-APIM-Tokens']))['$ConnectionKey']"}}},"Apply_to_each_document_folder":{"foreach":"@body('List_staging_Document_folder')?['body']","actions":{"List_Account_records_with_Account_Number":{"runAfter":{},"type":"OpenApiConnection","inputs":{"host":{"connectionName":"shared_commondataserviceforapps","operationId":"ListRecords","apiId":"/providers/Microsoft.PowerApps/apis/shared_commondataserviceforapps"},"parameters":{"entityName":"accounts","$select":"name,accountid","$filter":"accountnumber eq '@{items('Apply_to_each_document_folder')?['Name']}'"},"authentication":{"type":"Raw","value":"@json(decodeBase64(triggerOutputs().headers['X-MS-APIM-Tokens']))['$ConnectionKey']"}}},"List_existing_Document_Location_of_Account":{"runAfter":{"List_Account_records_with_Account_Number":["Succeeded"]},"type":"OpenApiConnection","inputs":{"host":{"connectionName":"shared_commondataserviceforapps","operationId":"ListRecords","apiId":"/providers/Microsoft.PowerApps/apis/shared_commondataserviceforapps"},"parameters":{"entityName":"sharepointdocumentlocations","$select":"relativeurl","$filter":"_regardingobjectid_value eq @{first(outputs('List_Account_records_with_Account_Number')?['body/value'])?['accountid']}"},"authentication":{"type":"Raw","value":"@json(decodeBase64(triggerOutputs().headers['X-MS-APIM-Tokens']))['$ConnectionKey']"}}},"If_Document_Location_exists":{"actions":{"Set_Destination_Folder_variable_with_existing_Document_Location":{"runAfter":{},"type":"SetVariable","inputs":{"name":"Destination Folder","value":"@{first(outputs('List_existing_Document_Location_of_Account')?['body/value'])?['relativeurl']}"}}},"runAfter":{"List_existing_Document_Location_of_Account":["Succeeded"]},"else":{"actions":{"Set_Destination_Folder_variable_with_new_SharePoint_folder":{"runAfter":{},"type":"SetVariable","inputs":{"name":"Destination Folder","value":"@{first(outputs('List_Account_records_with_Account_Number')?['body/value'])?['name']}_@{replace(first(outputs('List_Account_records_with_Account_Number')?['body/value'])?['accountid'], '-', '')}"}},"Create_Document_Location_for_new_SharePoint_folder":{"runAfter":{"Create_new_SharePoint_folder_for_Account":["Succeeded"]},"type":"OpenApiConnection","inputs":{"host":{"connectionName":"shared_commondataserviceforapps","operationId":"CreateRecord","apiId":"/providers/Microsoft.PowerApps/apis/shared_commondataserviceforapps"},"parameters":{"entityName":"sharepointdocumentlocations","item/name":"Documents for @{first(outputs('List_Account_records_with_Account_Number')?['body/value'])?['name']}","item/locationtype":0,"item/parentsiteorlocation_sharepointdocumentlocation@odata.bind":"sharepointdocumentlocations(@{first(outputs('List_Account_parent_Document_Location')?['body/value'])?['sharepointdocumentlocationid']})","item/regardingobjectid_account@odata.bind":"accounts(@{first(outputs('List_Account_records_with_Account_Number')?['body/value'])?['accountid']})","item/relativeurl":"@variables('Destination Folder')"},"authentication":{"type":"Raw","value":"@json(decodeBase64(triggerOutputs().headers['X-MS-APIM-Tokens']))['$ConnectionKey']"}}},"Create_new_SharePoint_folder_for_Account":{"runAfter":{"Set_Destination_Folder_variable_with_new_SharePoint_folder":["Succeeded"]},"type":"OpenApiConnection","inputs":{"host":{"connectionName":"shared_sharepointonline","operationId":"CreateNewFolder","apiId":"/providers/Microsoft.PowerApps/apis/shared_sharepointonline"},"parameters":{"dataset":"@variables('Destination Site Address')","table":"Account","parameters/path":"@variables('Destination Folder')"},"authentication":{"type":"Raw","value":"@json(decodeBase64(triggerOutputs().headers['X-MS-APIM-Tokens']))['$ConnectionKey']"}}}}},"expression":{"greater":["@length(outputs('List_existing_Document_Location_of_Contact')?['body/value'])",0]},"type":"If"},"List_files_from_staging_document_folder":{"runAfter":{"If_Document_Location_exists":["Succeeded"]},"type":"OpenApiConnection","inputs":{"host":{"connectionName":"shared_sharepointonline","operationId":"ListFolder","apiId":"/providers/Microsoft.PowerApps/apis/shared_sharepointonline"},"parameters":{"dataset":"@variables('Source Site Address')","id":"@concat(variables('Source Folder') , items('Apply_to_each_document_folder')?['Name'])"},"authentication":{"type":"Raw","value":"@json(decodeBase64(triggerOutputs().headers['X-MS-APIM-Tokens']))['$ConnectionKey']"}}},"Apply_to_each_document_file":{"foreach":"@body('List_files_from_staging_document_folder')?['body']","actions":{"Copy_file_into_Account_Document_folder":{"runAfter":{},"type":"OpenApiConnection","inputs":{"host":{"connectionName":"shared_sharepointonline","operationId":"CopyFileAsync","apiId":"/providers/Microsoft.PowerApps/apis/shared_sharepointonline"},"parameters":{"dataset":"@variables('Source Site Address')","parameters/sourceFileId":"@items('Apply_to_each_document_file')?['Path']","parameters/destinationDataset":"@variables('Destination Site Address')","parameters/destinationFolderPath":"account/@{variables('Destination Folder')}","parameters/nameConflictBehavior":0},"authentication":{"type":"Raw","value":"@json(decodeBase64(triggerOutputs().headers['X-MS-APIM-Tokens']))['$ConnectionKey']"}}}},"runAfter":{"List_files_from_staging_document_folder":["Succeeded"]},"type":"Foreach"}},"runAfter":{"List_staging_Document_folder":["Succeeded"]},"type":"Foreach","runtimeConfiguration":{"concurrency":{"repetitions":1}}},"List_Account_parent_Document_Location":{"runAfter":{"Initialize_Destination_Folder_variable":["Succeeded"]},"type":"OpenApiConnection","inputs":{"host":{"connectionName":"shared_commondataserviceforapps","operationId":"ListRecords","apiId":"/providers/Microsoft.PowerApps/apis/shared_commondataserviceforapps"},"parameters":{"entityName":"sharepointdocumentlocations","$select":"sharepointdocumentlocationid","$filter":"relativeurl eq 'account'","$top":1},"authentication":{"type":"Raw","value":"@json(decodeBase64(triggerOutputs().headers['X-MS-APIM-Tokens']))['$ConnectionKey']"}}},"Initialize_Destination_Folder_variable":{"runAfter":{"Initialize_Destination_Site_Address_variable":["Succeeded"]},"type":"InitializeVariable","inputs":{"variables":[{"name":"Destination Folder","type":"string"}]}},"Initialize_Source_Folder_variable":{"runAfter":{"Initialize_Source_Site_Address_variable":["Succeeded"]},"type":"InitializeVariable","inputs":{"variables":[{"name":"Source Folder","type":"string","value":"/Documents/Employee File Upload/"}]}},"Initialize_Source_Site_Address_variable":{"runAfter":{},"type":"InitializeVariable","inputs":{"variables":[{"name":"Source Site Address","type":"string","value":"https://contoso.sharepoint.com/sites/Staging"}]}},"Initialize_Destination_Site_Address_variable":{"runAfter":{"Initialize_Source_Folder_variable":["Succeeded"]},"type":"InitializeVariable","inputs":{"variables":[{"name":"Destination Site Address","type":"string","value":"https://contoso.sharepoint.com/sites/CRM"}]}}},"outputs":{}},"connectionReferences":{"shared_sharepointonline":{"connectionName":"2e769905da154018a8dc290db2e6234c","source":"Embedded","id":"/providers/Microsoft.PowerApps/apis/shared_sharepointonline","tier":"NotSpecified"},"shared_commondataserviceforapps":{"connectionName":"923d6b6c586a48209b9d24c278ec3e0e","source":"Embedded","id":"/providers/Microsoft.PowerApps/apis/shared_commondataserviceforapps","tier":"NotSpecified"}},"flowFailureAlertSubscribed":false}}