<ImportExportXml version="9.2.21013.152" SolutionPackageVersion="9.2" languagecode="1033" generatedBy="CrmLive" xmlns:xsi="http://www.w3.org/2001/XMLSchema-instance">
  <SolutionManifest>
    <UniqueName>ApprovalEngine</UniqueName>
    <LocalizedNames>
      <LocalizedName description="Approval Engine" languagecode="1033" />
    </LocalizedNames>
    <Descriptions />
    <Version>1.0.0.0</Version>
    <Managed>0</Managed>
    <Publisher>
      <UniqueName>scottishsummit2021</UniqueName>
      <LocalizedNames>
        <LocalizedName description="Scottish Summit 2021" languagecode="1033" />
      </LocalizedNames>
      <Descriptions />
      <EMailAddress xsi:nil="true"></EMailAddress>
      <SupportingWebsiteUrl xsi:nil="true"></SupportingWebsiteUrl>
      <CustomizationPrefix>ss</CustomizationPrefix>
      <CustomizationOptionValuePrefix>71780</CustomizationOptionValuePrefix>
      <Addresses>
        <Address>
          <AddressNumber>1</AddressNumber>
          <AddressTypeCode>1</AddressTypeCode>
          <City xsi:nil="true"></City>
          <County xsi:nil="true"></County>
          <Country xsi:nil="true"></Country>
          <Fax xsi:nil="true"></Fax>
          <FreightTermsCode xsi:nil="true"></FreightTermsCode>
          <ImportSequenceNumber xsi:nil="true"></ImportSequenceNumber>
          <Latitude xsi:nil="true"></Latitude>
          <Line1 xsi:nil="true"></Line1>
          <Line2 xsi:nil="true"></Line2>
          <Line3 xsi:nil="true"></Line3>
          <Longitude xsi:nil="true"></Longitude>
          <Name xsi:nil="true"></Name>
          <PostalCode xsi:nil="true"></PostalCode>
          <PostOfficeBox xsi:nil="true"></PostOfficeBox>
          <PrimaryContactName xsi:nil="true"></PrimaryContactName>
          <ShippingMethodCode>1</ShippingMethodCode>
          <StateOrProvince xsi:nil="true"></StateOrProvince>
          <Telephone1 xsi:nil="true"></Telephone1>
          <Telephone2 xsi:nil="true"></Telephone2>
          <Telephone3 xsi:nil="true"></Telephone3>
          <TimeZoneRuleVersionNumber xsi:nil="true"></TimeZoneRuleVersionNumber>
          <UPSZone xsi:nil="true"></UPSZone>
          <UTCOffset xsi:nil="true"></UTCOffset>
          <UTCConversionTimeZoneCode xsi:nil="true"></UTCConversionTimeZoneCode>
        </Address>
        <Address>
          <AddressNumber>2</AddressNumber>
          <AddressTypeCode>1</AddressTypeCode>
          <City xsi:nil="true"></City>
          <County xsi:nil="true"></County>
          <Country xsi:nil="true"></Country>
          <Fax xsi:nil="true"></Fax>
          <FreightTermsCode xsi:nil="true"></FreightTermsCode>
          <ImportSequenceNumber xsi:nil="true"></ImportSequenceNumber>
          <Latitude xsi:nil="true"></Latitude>
          <Line1 xsi:nil="true"></Line1>
          <Line2 xsi:nil="true"></Line2>
          <Line3 xsi:nil="true"></Line3>
          <Longitude xsi:nil="true"></Longitude>
          <Name xsi:nil="true"></Name>
          <PostalCode xsi:nil="true"></PostalCode>
          <PostOfficeBox xsi:nil="true"></PostOfficeBox>
          <PrimaryContactName xsi:nil="true"></PrimaryContactName>
          <ShippingMethodCode>1</ShippingMethodCode>
          <StateOrProvince xsi:nil="true"></StateOrProvince>
          <Telephone1 xsi:nil="true"></Telephone1>
          <Telephone2 xsi:nil="true"></Telephone2>
          <Telephone3 xsi:nil="true"></Telephone3>
          <TimeZoneRuleVersionNumber xsi:nil="true"></TimeZoneRuleVersionNumber>
          <UPSZone xsi:nil="true"></UPSZone>
          <UTCOffset xsi:nil="true"></UTCOffset>
          <UTCConversionTimeZoneCode xsi:nil="true"></UTCConversionTimeZoneCode>
        </Address>
      </Addresses>
    </Publisher>
    <RootComponents>
      <RootComponent type="1" schemaName="ss_approval" behavior="0" />
      <RootComponent type="1" schemaName="ss_approvaltemplate" behavior="0" />
      <RootComponent type="1" schemaName="ss_employee" behavior="0" />
      <RootComponent type="1" schemaName="ss_leaverequest" behavior="0" />
      <RootComponent type="1" schemaName="ss_request" behavior="0" />
      <RootComponent type="9" schemaName="ss_approvalgroup" behavior="0" />
      <RootComponent type="9" schemaName="ss_approvaltype" behavior="0" />
      <RootComponent type="9" schemaName="ss_approvertype" behavior="0" />
      <RootComponent type="9" schemaName="ss_decision" behavior="0" />
      <RootComponent type="9" schemaName="ss_requestapprovalstatus" behavior="0" />
      <RootComponent type="9" schemaName="ss_requesttype" behavior="0" />
      <RootComponent type="29" id="{2b79c946-c76b-eb11-a812-00224804e742}" behavior="0" />
      <RootComponent type="29" id="{3f1360d5-fa68-eb11-a812-00224804e742}" behavior="0" />
      <RootComponent type="29" id="{43358db3-c36b-eb11-a812-00224804e742}" behavior="0" />
      <RootComponent type="29" id="{8e312035-1c69-eb11-a812-00224804e742}" behavior="0" />
      <RootComponent type="29" id="{a374fd5f-b76b-eb11-a812-00224804e742}" behavior="0" />
      <RootComponent type="29" id="{c5ccb881-b963-eb11-a812-000d3a3b66b4}" behavior="0" />
      <RootComponent type="60" id="{2098f0b5-5caa-4af2-adbb-95a8a99b75f9}" behavior="0" />
      <RootComponent type="60" id="{2689531e-f868-eb11-a812-00224804e742}" behavior="0" />
      <RootComponent type="60" id="{37de389c-7488-4ca5-8b95-09ac5dc883fc}" behavior="0" />
      <RootComponent type="60" id="{67f45c0a-cb5b-414b-a15b-2d070f6fd756}" behavior="0" />
      <RootComponent type="60" id="{9b8a67c0-6545-4ee7-b57e-0f4a07da62f5}" behavior="0" />
      <RootComponent type="60" id="{b4da156a-f831-43fe-982a-6a7f585f6c57}" behavior="0" />
      <RootComponent type="61" schemaName="new_iconfinder_git-pull-request_298789.svg" behavior="0" />
      <RootComponent type="61" schemaName="ss_Approval.svg" behavior="0" />
      <RootComponent type="61" schemaName="ss_ApprovalTemplate.svg" behavior="0" />
      <RootComponent type="61" schemaName="ss_Employee.svg" behavior="0" />
      <RootComponent type="62" schemaName="ss_ApprovalApp" behavior="0" />
      <RootComponent type="80" schemaName="ss_ApprovalApp" behavior="0" />
      <RootComponent type="431" schemaName="ss_employee ss_image" behavior="0" />
      <RootComponent type="432" schemaName="ss_employee" behavior="0" />
    </RootComponents>
    <MissingDependencies>
      <MissingDependency>
        <Required key="0" type="66" schemaName="MscrmControls.NumberInput.NumberInputControl" displayName="MscrmControls.NumberInput.NumberInputControl" solution="BaseCustomControlsCore (9.0.2101.3012)" />
        <Dependent key="1" type="60" displayName="Information" parentDisplayName="Approval Template" id="{2098f0b5-5caa-4af2-adbb-95a8a99b75f9}" />
      </MissingDependency>
      <MissingDependency>
        <Required key="2" type="61" schemaName="msdyn_/Images/AppModule_Default_Icon.png" displayName="msdyn_/Images/AppModule_Default_Icon.png" solution="AppModuleWebResources (2.5)" />
        <Dependent key="3" type="80" schemaName="ss_ApprovalApp" displayName="Approval App" />
      </MissingDependency>
    </MissingDependencies>
  </SolutionManifest>
</ImportExportXml>