{"swagger":"2.0","info":{"title":"Default title","description":"Custom connector for Power Automate Management","version":"1.0"},"host":"api.flow.microsoft.com","basePath":"/","schemes":["https"],"consumes":[],"produces":[],"paths":{"/providers/Microsoft.ProcessSimple/environments/{environment_name}/flows/{flow_name}/runs":{"get":{"responses":{"default":{"description":"default","schema":{}}},"summary":"Get Flow Runs","description":"Get run history of specified flow in specified environment","operationId":"GetFlowRuns","x-ms-visibility":"important","parameters":[{"name":"environment_name","in":"path","required":true,"type":"string"},{"name":"flow_name","in":"path","required":true,"type":"string"},{"name":"api-version","in":"query","required":false,"type":"string","default":"2016-11-01"}]}},"/providers/Microsoft.ProcessSimple/environments/{environment_name}/flows/{flow_name}/runs/{run_id}":{}},"definitions":{},"parameters":{},"responses":{},"securityDefinitions":{"oauth2_auth":{"type":"oauth2","flow":"accessCode","authorizationUrl":"https://login.windows.net/common/oauth2/authorize","tokenUrl":"https://login.windows.net/common/oauth2/authorize","scopes":{}}},"security":[{"oauth2_auth":[]}],"tags":[]}