{"token":{"type":"oauthSetting","oAuthSettings":{"identityProvider":"aad","clientId":"09996a96-3bf8-411e-b062-babc3c63252a","scopes":[],"redirectMode":"Global","redirectUrl":"https://global.consent.azure-apim.net/redirect","properties":{"IsFirstParty":"False","AzureActiveDirectoryResourceId":"https://service.flow.microsoft.com/"},"customParameters":{"loginUri":{"value":"https://login.windows.net"},"tenantId":{"value":"common"},"resourceUri":{"value":"https://service.flow.microsoft.com/"}}}},"token:TenantId":{"type":"string","metadata":{"sourceType":"AzureActiveDirectoryTenant"},"uiDefinition":{"constraints":{"required":"false","hidden":"true"}}}}