{"properties":{"connectionReferences":{"shared_commondataserviceforapps":{"runtimeSource":"embedded","connection":{},"api":{"name":"shared_commondataserviceforapps"}},"shared_sharepointonline":{"runtimeSource":"embedded","connection":{},"api":{"name":"shared_sharepointonline"}}},"definition":{"$schema":"https://schema.management.azure.com/providers/Microsoft.Logic/schemas/2016-06-01/workflowdefinition.json#","contentVersion":"1.0.0.0","parameters":{"$connections":{"defaultValue":{},"type":"Object"},"$authentication":{"defaultValue":{},"type":"SecureObject"}},"triggers":{"When_Contact_is_updated_with_ID_Document_File":{"type":"OpenApiConnectionWebhook","inputs":{"host":{"connectionName":"shared_commondataserviceforapps","operationId":"SubscribeWebhookTrigger","apiId":"/providers/Microsoft.PowerApps/apis/shared_commondataserviceforapps"},"parameters":{"subscriptionRequest/message":3,"subscriptionRequest/entityname":"contact","subscriptionRequest/scope":4,"subscriptionRequest/filteringattributes":"lzw_identitydocumentfile"},"authentication":"@parameters('$authentication')"}}},"actions":{"Update_Contact_-_ID_Document_File_URL":{"runAfter":{"Create_file_to_Contact_SharePoint_Document_folder":["Succeeded"]},"type":"OpenApiConnection","inputs":{"host":{"connectionName":"shared_commondataserviceforapps","operationId":"UpdateRecord","apiId":"/providers/Microsoft.PowerApps/apis/shared_commondataserviceforapps"},"parameters":{"entityName":"contacts","recordId":"@triggerOutputs()?['body/contactid']","item/lzw_identitydocumentfileurl":"@{variables('SharePoint Site')}@{outputs('Create_file_to_Contact_SharePoint_Document_folder')?['body/Path']}"},"authentication":"@parameters('$authentication')"}},"List_existing_Document_Location_of_Contact":{"runAfter":{"Initialize_Destination_Folder_variable":["Succeeded"]},"type":"OpenApiConnection","inputs":{"host":{"connectionName":"shared_commondataserviceforapps","operationId":"ListRecords","apiId":"/providers/Microsoft.PowerApps/apis/shared_commondataserviceforapps"},"parameters":{"entityName":"sharepointdocumentlocations","$select":"relativeurl","$filter":"_regardingobjectid_value eq @{triggerOutputs()?['body/contactid']}"},"authentication":"@parameters('$authentication')"}},"If_Document_Location_exists":{"actions":{"Set_Destination_Folder_variable_with_existing_Document_Location":{"runAfter":{},"type":"SetVariable","inputs":{"name":"SharePoint Document Folder","value":"@{first(outputs('List_existing_Document_Location_of_Contact')?['body/value'])?['relativeurl']}"}}},"runAfter":{"List_existing_Document_Location_of_Contact":["Succeeded"]},"else":{"actions":{"Set_Destination_Folder_variable_with_new_SharePoint_folder":{"runAfter":{},"type":"SetVariable","inputs":{"name":"SharePoint Document Folder","value":"@{triggerOutputs()?['body/fullname']}_@{replace(triggerOutputs()?['body/contactid'], '-', '')}"}},"Create_Document_Location_for_new_SharePoint_folder":{"runAfter":{"List_Contact_parent_Document_Location":["Succeeded"]},"type":"OpenApiConnection","inputs":{"host":{"connectionName":"shared_commondataserviceforapps","operationId":"CreateRecord","apiId":"/providers/Microsoft.PowerApps/apis/shared_commondataserviceforapps"},"parameters":{"entityName":"sharepointdocumentlocations","item/name":"Documents for @{triggerOutputs()?['body/fullname']}","item/locationtype":0,"item/parentsiteorlocation_sharepointdocumentlocation@odata.bind":"sharepointdocumentlocations(@{first(outputs('List_Contact_parent_Document_Location')?['body/value'])?['sharepointdocumentlocationid']})","item/regardingobjectid_contact@odata.bind":"contacts(@{triggerOutputs()?['body/contactid']})","item/relativeurl":"@variables('SharePoint Document Folder')"},"authentication":"@parameters('$authentication')"}},"Create_new_SharePoint_folder_for_Account":{"runAfter":{"Set_Destination_Folder_variable_with_new_SharePoint_folder":["Succeeded"]},"type":"OpenApiConnection","inputs":{"host":{"connectionName":"shared_sharepointonline","operationId":"CreateNewFolder","apiId":"/providers/Microsoft.PowerApps/apis/shared_sharepointonline"},"parameters":{"dataset":"@variables('SharePoint Site')","table":"contact","parameters/path":"@variables('SharePoint Document Folder')"},"authentication":"@parameters('$authentication')"}},"List_Contact_parent_Document_Location":{"runAfter":{"Create_new_SharePoint_folder_for_Account":["Succeeded"]},"type":"OpenApiConnection","inputs":{"host":{"connectionName":"shared_commondataserviceforapps","operationId":"ListRecords","apiId":"/providers/Microsoft.PowerApps/apis/shared_commondataserviceforapps"},"parameters":{"entityName":"sharepointdocumentlocations","$select":"sharepointdocumentlocationid","$filter":"relativeurl eq 'contact'","$top":1},"authentication":"@parameters('$authentication')"}}}},"expression":{"greater":["@length(outputs('List_existing_Document_Location_of_Contact')?['body/value'])",0]},"type":"If"},"Initialize_Destination_Folder_variable":{"runAfter":{"Initialize_SharePoint_Site_variable":["Succeeded"]},"type":"InitializeVariable","inputs":{"variables":[{"name":"SharePoint Document Folder","type":"string"}]}},"List_SharePoint_Site_URL":{"runAfter":{"Get_ID_Document_file_of_Contact":["Succeeded"]},"type":"OpenApiConnection","inputs":{"host":{"connectionName":"shared_commondataserviceforapps","operationId":"ListRecords","apiId":"/providers/Microsoft.PowerApps/apis/shared_commondataserviceforapps"},"parameters":{"entityName":"sharepointsites","$select":"absoluteurl","$filter":"isdefault eq true","$top":1},"authentication":"@parameters('$authentication')"}},"Initialize_SharePoint_Site_variable":{"runAfter":{"List_SharePoint_Site_URL":["Succeeded"]},"type":"InitializeVariable","inputs":{"variables":[{"name":"SharePoint Site","type":"string","value":"@{first(outputs('List_SharePoint_Site_URL')?['body/value'])?['absoluteurl']}"}]}},"Create_file_to_Contact_SharePoint_Document_folder":{"runAfter":{"If_Document_Location_exists":["Succeeded"]},"type":"OpenApiConnection","inputs":{"host":{"connectionName":"shared_sharepointonline","operationId":"CreateFile","apiId":"/providers/Microsoft.PowerApps/apis/shared_sharepointonline"},"parameters":{"dataset":"@variables('SharePoint Site')","folderPath":"contact/@{variables('SharePoint Document Folder')}","name":"@outputs('Get_Contact_for_ID_Document_File_name')?['body/lzw_identitydocumentfile_name']","body":"@base64toBinary(outputs('Get_ID_Document_file_of_Contact')?['body/$content'])"},"authentication":"@parameters('$authentication')"},"description":"base64toBinary(outputs('Get_ID_Document_file_of_Contact')?['body/$content'])","runtimeConfiguration":{"contentTransfer":{"transferMode":"Chunked"}}},"Get_Contact_for_ID_Document_File_name":{"runAfter":{},"type":"OpenApiConnection","inputs":{"host":{"connectionName":"shared_commondataserviceforapps","operationId":"GetItem","apiId":"/providers/Microsoft.PowerApps/apis/shared_commondataserviceforapps"},"parameters":{"entityName":"contacts","recordId":"@triggerOutputs()?['body/contactid']","$select":"lzw_identitydocumentfile"},"authentication":"@parameters('$authentication')"}},"If_ID_Document_File_is_not_NULL":{"actions":{},"runAfter":{"Get_Contact_for_ID_Document_File_name":["Succeeded"]},"else":{"actions":{"Terminate":{"runAfter":{},"type":"Terminate","inputs":{"runStatus":"Succeeded"}}}},"expression":{"not":{"equals":["@outputs('Get_Contact_for_ID_Document_File_name')?['body/lzw_identitydocumentfile']","@null"]}},"type":"If"},"Get_ID_Document_file_of_Contact":{"runAfter":{"If_ID_Document_File_is_not_NULL":["Succeeded"]},"type":"OpenApiConnection","inputs":{"host":{"connectionName":"shared_commondataserviceforapps","operationId":"GetEntityFileImageFieldContent","apiId":"/providers/Microsoft.PowerApps/apis/shared_commondataserviceforapps"},"parameters":{"entityName":"contacts","recordId":"@triggerOutputs()?['body/contactid']","fileImageFieldName":"lzw_identitydocumentfile"},"authentication":"@parameters('$authentication')"}},"Perform_an_unbound_action_to_Delete_File":{"runAfter":{"Update_Contact_-_ID_Document_File_URL":["Succeeded"]},"type":"OpenApiConnection","inputs":{"host":{"connectionName":"shared_commondataserviceforapps","operationId":"PerformUnboundAction","apiId":"/providers/Microsoft.PowerApps/apis/shared_commondataserviceforapps"},"parameters":{"actionName":"DeleteFile","item/FileId":"@outputs('Get_Contact_for_ID_Document_File_name')?['body/lzw_identitydocumentfile']"},"authentication":"@parameters('$authentication')"}}},"outputs":{}}},"schemaVersion":"1.0.0.0"}