{"properties":{"connectionReferences":{"shared_commondataserviceforapps":{"runtimeSource":"embedded","connection":{},"api":{"name":"shared_commondataserviceforapps"}},"shared_lzw-5fflow-20run-20history-5f321bcb5e363b5468":{"runtimeSource":"invoker","connection":{},"api":{"name":"shared_lzw-5Fflow-20run-20history-5F321bcb5e363b5468","logicalName":"lzw_5Fflow-20run-20history"}}},"definition":{"$schema":"https://schema.management.azure.com/providers/Microsoft.Logic/schemas/2016-06-01/workflowdefinition.json#","contentVersion":"1.0.0.0","parameters":{"$connections":{"defaultValue":{},"type":"Object"},"$authentication":{"defaultValue":{},"type":"SecureObject"}},"triggers":{"manual":{"type":"Request","kind":"Button","inputs":{"schema":{"type":"object","properties":{"text":{"title":"Flow Name","type":"string","x-ms-dynamically-added":true,"description":"Name of the flow","x-ms-content-hint":"TEXT"},"text_1":{"title":"Record ID","type":"string","x-ms-dynamically-added":true,"description":"GUID of the record","x-ms-content-hint":"TEXT"}},"required":["text","text_1"]}}}},"actions":{"Parse_Flow_Runs_JSON":{"runAfter":{"Get_Flow_Runs":["Succeeded"]},"type":"ParseJson","inputs":{"content":"@outputs('Get_Flow_Runs')?['body']","schema":{"type":"object","properties":{"value":{"type":"array","items":{"type":"object","properties":{"name":{"type":"string"},"id":{"type":"string"},"type":{"type":"string"},"properties":{"type":"object","properties":{"startTime":{"type":"string"},"endTime":{"type":"string"},"status":{"type":"string"},"code":{"type":"string"},"correlation":{"type":"object","properties":{"clientTrackingId":{"type":"string"}}},"trigger":{"type":"object","properties":{"name":{"type":"string"},"inputsLink":{"type":"object","properties":{"uri":{"type":"string"},"contentVersion":{"type":"string"},"contentSize":{"type":"integer"},"contentHash":{"type":"object","properties":{"algorithm":{"type":"string"},"value":{"type":"string"}}}}},"outputsLink":{"type":"object","properties":{"uri":{"type":"string"},"contentVersion":{"type":"string"},"contentSize":{"type":"integer"},"contentHash":{"type":"object","properties":{"algorithm":{"type":"string"},"value":{"type":"string"}}}}},"startTime":{"type":"string"},"endTime":{"type":"string"},"originHistoryName":{"type":"string"},"correlation":{"type":"object","properties":{"clientTrackingId":{"type":"string"}}},"status":{"type":"string"}}}}}},"required":["name","id","type","properties"]}}}}}},"Apply_to_each_flow_run":{"foreach":"@body('Parse_Flow_Runs_JSON')?['value']","actions":{"HTTP_Get_outputsLink_URI":{"runAfter":{},"type":"Http","inputs":{"method":"GET","uri":"@items('Apply_to_each_flow_run')?['properties']?['trigger']?['outputsLink']?['uri']"},"description":"items('Apply_to_each_flow_run')?['properties']?['trigger']?['outputsLink']?['uri']"},"If_the_ItemInternalId_of_the_Trigger_is_same_as_Record_ID":{"actions":{"Append_to_Flow_Run_History_array_variable":{"runAfter":{},"type":"AppendToArrayVariable","inputs":{"name":"Flow Run History","value":{"RunID":"@{items('Apply_to_each_flow_run')?['name']}","RunURL":"@{replace(items('Apply_to_each_flow_run')?['id'], '/providers/Microsoft.ProcessSimple', 'https://flow.microsoft.com/manage')}","StartTime":"@items('Apply_to_each_flow_run')?['properties']?['startTime']","EndTime":"@items('Apply_to_each_flow_run')?['properties']?['endTime']","Status":"@items('Apply_to_each_flow_run')?['properties']?['status']"}},"description":"replace(items('Apply_to_each_flow_run')?['id'], '/providers/Microsoft.ProcessSimple', 'https://flow.microsoft.com/manage')"}},"runAfter":{"HTTP_Get_outputsLink_URI":["Succeeded"]},"expression":{"equals":["@body('HTTP_Get_outputsLink_URI')?['body']?['ItemInternalId']","@triggerBody()['text_1']"]},"type":"If","description":"body('HTTP_Get_outputsLink_URI')?['body']?['ItemInternalId']"}},"runAfter":{"Parse_Flow_Runs_JSON":["Succeeded"]},"type":"Foreach"},"Initialize_Flow_Run_History_array_variable":{"runAfter":{},"type":"InitializeVariable","inputs":{"variables":[{"name":"Flow Run History","type":"array"}]}},"Compose":{"runAfter":{"Apply_to_each_flow_run":["Succeeded"]},"type":"Compose","inputs":"@variables('Flow Run History')"},"List_flows_by_flow_name":{"runAfter":{"Initialize_Flow_Run_History_array_variable":["Succeeded"]},"type":"OpenApiConnection","inputs":{"host":{"connectionName":"shared_commondataserviceforapps","operationId":"ListRecords","apiId":"/providers/Microsoft.PowerApps/apis/shared_commondataserviceforapps"},"parameters":{"entityName":"workflows","$select":"workflowidunique","$filter":"name eq '@{triggerBody()['text']}'"},"authentication":{"type":"Raw","value":"@json(decodeBase64(triggerOutputs().headers['X-MS-APIM-Tokens']))['$ConnectionKey']"}}},"Get_Flow_Runs":{"runAfter":{"List_flows_by_flow_name":["Succeeded"]},"type":"OpenApiConnection","inputs":{"host":{"connectionName":"shared_lzw-5fflow-20run-20history-5f321bcb5e363b5468","operationId":"GetFlowRuns","apiId":""},"parameters":{"environment_name":"@workflow()['tags']['environmentName']","flow_name":"@first(outputs('List_flows_by_flow_name')?['body/value'])?['workflowidunique']","api-version":"2016-11-01"},"authentication":{"type":"Raw","value":"@json(decodeBase64(triggerOutputs().headers['X-MS-APIM-Tokens']))['$ConnectionKey']"}},"description":"first(outputs('List_flows_by_flow_name')?['body/value'])?['workflowidunique']"}},"outputs":{}}},"schemaVersion":"1.0.0.0"}