{"name":"b12b3228-0db5-405b-a439-589b7d00fb92","id":"/providers/Microsoft.Flow/flows/b12b3228-0db5-405b-a439-589b7d00fb92","type":"Microsoft.Flow/flows","properties":{"apiId":"/providers/Microsoft.PowerApps/apis/shared_logicflows","displayName":"Send Email Notification to Account Owner","definition":{"metadata":{"workflowEntityId":"d29db4df-c13f-ea11-a812-000d3a300a85","creator":{"id":"d6dc0100-49e0-4105-b1ea-82fe73b76720","type":"User","tenantId":"93f33571-550f-43cf-b09f-cd331338d086"},"provisioningMethod":"FromDefinition","failureAlertSubscription":true,"clientLastModifiedTime":"2020-01-26T12:26:17.5942526Z"},"$schema":"https://schema.management.azure.com/providers/Microsoft.Logic/schemas/2016-06-01/workflowdefinition.json#","contentVersion":"1.0.0.0","parameters":{"$connections":{"defaultValue":{},"type":"Object"},"$authentication":{"defaultValue":{},"type":"SecureObject"},"cdsruntimecertificate":{"type":"String"},"cdsruntimecertificatepassword":{"type":"SecureString"}},"triggers":{"When_an_Account_record_is_created_or_Owner_is_updated":{"type":"OpenApiConnectionWebhook","inputs":{"host":{"apiId":"/providers/Microsoft.PowerApps/apis/shared_commondataserviceforapps","connectionName":"shared_commondataserviceforapps","operationId":"SubscribeWebhookTrigger"},"parameters":{"subscriptionRequest/message":4,"subscriptionRequest/entityname":"account","subscriptionRequest/scope":4,"subscriptionRequest/filteringattributes":"ownerid","subscriptionRequest/name":"d29db4df-c13f-ea11-a812-000d3a300a85"},"authentication":"@parameters('$authentication')"}}},"actions":{"Perform_a_bound_action_to_Send_Email":{"runAfter":{"Create_a_new_Email_record":["Succeeded"]},"type":"OpenApiConnection","inputs":{"host":{"apiId":"/providers/Microsoft.PowerApps/apis/shared_commondataserviceforapps","connectionName":"shared_commondataserviceforapps","operationId":"PerformBoundAction"},"parameters":{"entityName":"emails","actionName":"Microsoft.Dynamics.CRM.SendEmail","recordId":"@outputs('Create_a_new_Email_record')?['body/activityid']","item/IssueSend":true},"authentication":"@parameters('$authentication')"}},"Create_a_new_Email_record":{"runAfter":{"Compose_App_Id_Environment_Variable":["Succeeded"]},"type":"OpenApiConnection","inputs":{"host":{"apiId":"/providers/Microsoft.PowerApps/apis/shared_commondataserviceforapps","connectionName":"shared_commondataserviceforapps","operationId":"CreateRecord"},"parameters":{"entityName":"emails","item/activitypointer_activity_parties":[{"participationtypemask":2,"partyid@odata.bind":"systemusers(@{triggerOutputs()?['body/_ownerid_value']})"}],"item/description":"Dear @{outputs('Get_a_User_record_for_Account_Owner')?['body/fullname']}<br />\n<br />\nThe following Account has been assigned to you for your action.</br>\n- Name: @{triggerOutputs()?['body/name']}<br />\n- Description: @{triggerOutputs()?['body/description']}<br />\n<br />\nTo review this item, click the link below to see the line details:<br />\n<a href=\"https://@{outputs('Compose_Environment_Hostname')}/main.aspx?appid=@{outputs('Compose_App_Id_Environment_Variable')}&pagetype=entityrecord&etn=account&id=@{triggerOutputs()?['body/accountid']}\" target=\"_blank\">https://@{outputs('Compose_Environment_Hostname')}/main.aspx?appid=@{outputs('Compose_App_Id_Environment_Variable')}&pagetype=entityrecord&etn=account&id=@{triggerOutputs()?['body/accountid']}</a>","item/regardingobjectid_account_email@odata.bind":"accounts(@{triggerOutputs()?['body/accountid']})","item/subject":"Account record has been assigned to you"},"authentication":"@parameters('$authentication')"}},"Compose_Environment_Hostname":{"runAfter":{"Get_a_User_record_for_Account_Owner":["Succeeded"]},"type":"Compose","inputs":"@uriHost(outputs('Get_a_User_record_for_Account_Owner')?['body/@odata.id'])"},"List_Environment_Variable_Value_records_with_App_Id":{"runAfter":{"Compose_Environment_Hostname":["Succeeded"]},"type":"OpenApiConnection","inputs":{"host":{"apiId":"/providers/Microsoft.PowerApps/apis/shared_commondataserviceforapps","connectionName":"shared_commondataserviceforapps","operationId":"ListRecords"},"parameters":{"entityName":"environmentvariabledefinitions","$select":"defaultvalue","fetchXml":"<fetch version='1.0' output-format='xml-platform' mapping='logical' distinct='false' >\n  <entity name='environmentvariabledefinition' >\n    <attribute name='environmentvariabledefinitionid' />\n    <attribute name='defaultvalue' />\n    <filter type='and' >\n      <condition attribute='schemaname' operator='eq' value='lzw_PowerPlatformPlaygroundAppId' />\n    </filter>\n    <link-entity name='environmentvariablevalue' from='environmentvariabledefinitionid' to='environmentvariabledefinitionid' link-type='outer' alias='environmentvariablevalue' >\n      <attribute name='value' />\n    </link-entity>\n  </entity>\n</fetch>"},"authentication":"@parameters('$authentication')"}},"If_there_is_no_App_Id_configured_in_Environment_Variable":{"actions":{},"runAfter":{"List_Environment_Variable_Value_records_with_App_Id":["Succeeded"]},"else":{"actions":{"Terminate_if_no_App_Id_is_Configured":{"runAfter":{},"type":"Terminate","inputs":{"runStatus":"Failed","runError":{"message":"The environment variable with Schema Name \"lzw_PowerPlatformPlaygroundAppId\" is missing."}}}}},"expression":{"greater":["@length(outputs('List_Environment_Variable_Value_records_with_App_Id')?['body/value'])",0]},"type":"If"},"Compose_App_Id_Environment_Variable":{"runAfter":{"Parse_JSON_to_get_Default_Value":["Succeeded"]},"type":"Compose","inputs":"@if(empty(body('Parse_JSON_to_get_Default_Value')?['environmentvariablevalue.value']), body('Parse_JSON_to_get_Default_Value')?['defaultvalue'], body('Parse_JSON_to_get_Default_Value')?['environmentvariablevalue.value'])"},"Get_a_User_record_for_Account_Owner":{"runAfter":{},"type":"OpenApiConnection","inputs":{"host":{"apiId":"/providers/Microsoft.PowerApps/apis/shared_commondataserviceforapps","connectionName":"shared_commondataserviceforapps","operationId":"GetItem"},"parameters":{"entityName":"systemusers","recordId":"@triggerOutputs()?['body/_ownerid_value']","$select":"fullname"},"authentication":"@parameters('$authentication')"}},"Parse_JSON_to_get_Default_Value":{"runAfter":{"If_there_is_no_App_Id_configured_in_Environment_Variable":["Succeeded"]},"type":"ParseJson","inputs":{"content":"@first(outputs('List_Environment_Variable_Value_records_with_App_Id')?['body/value'])","schema":{"type":"object","properties":{"@@odata.type":{"type":"string"},"@@odata.id":{"type":"string"},"@@odata.etag":{"type":"string"},"@@odata.editLink":{"type":"string"},"environmentvariabledefinitionid@odata.type":{"type":"string"},"environmentvariabledefinitionid":{"type":"string"},"defaultvalue":{"type":"string"},"environmentvariablevalue.value":{"type":"string"}}}}}},"outputs":{}},"connectionReferences":{"shared_commondataserviceforapps":{"connectionName":"923d6b6c586a48209b9d24c278ec3e0e","source":"Embedded","id":"/providers/Microsoft.PowerApps/apis/shared_commondataserviceforapps","tier":"NotSpecified"}},"flowFailureAlertSubscribed":false}}