{"name":"1386aa6a-e109-4652-b59d-431d8fcee25f","id":"/providers/Microsoft.Flow/flows/1386aa6a-e109-4652-b59d-431d8fcee25f","type":"Microsoft.Flow/flows","properties":{"apiId":"/providers/Microsoft.PowerApps/apis/shared_logicflows","displayName":"List Records - Add Expand Query to Retrieve Related Data","definition":{"metadata":{"workflowEntityId":"49f7eeb2-651a-ea11-a811-000d3a300a85","creator":{"id":"d6dc0100-49e0-4105-b1ea-82fe73b76720","type":"User","tenantId":"93f33571-550f-43cf-b09f-cd331338d086"},"provisioningMethod":"FromDefinition","failureAlertSubscription":true,"clientLastModifiedTime":"2019-12-11T10:51:09.8095836Z"},"$schema":"https://schema.management.azure.com/providers/Microsoft.Logic/schemas/2016-06-01/workflowdefinition.json#","contentVersion":"1.0.0.0","parameters":{"$connections":{"defaultValue":{},"type":"Object"},"$authentication":{"defaultValue":{},"type":"SecureObject"},"cdsruntimecertificate":{"type":"String"},"cdsruntimecertificatepassword":{"type":"SecureString"}},"triggers":{"manual":{"type":"Request","kind":"Button","inputs":{"schema":{"type":"object","properties":{},"required":[]}}}},"actions":{"List_Contact_records":{"runAfter":{},"type":"OpenApiConnection","inputs":{"host":{"apiId":"/providers/Microsoft.PowerApps/apis/shared_commondataserviceforapps","connectionName":"shared_commondataserviceforapps","operationId":"ListRecords"},"parameters":{"entityName":"contacts","$select":"contactid","$filter":"_parentcustomerid_value ne null and not contains(firstname, 'First%')","$orderby":"fullname","$expand":"parentcustomerid_account($select=industrycode)"},"authentication":"@parameters('$authentication')"}},"Apply_to_each":{"foreach":"@outputs('List_Contact_records')?['body/value']","actions":{"Parse_JSON_-_Account_Industry":{"runAfter":{},"type":"ParseJson","inputs":{"content":"@items('Apply_to_each')","schema":{"type":"object","properties":{"@@odata.type":{"type":"string"},"@@odata.id":{"type":"string"},"@@odata.etag":{"type":"string"},"@@odata.editLink":{"type":"string"},"contactid@odata.type":{"type":"string"},"contactid":{"type":"string"},"fullname":{"type":"string"},"parentcustomerid_account@odata.associationLink":{"type":"string"},"parentcustomerid_account@odata.navigationLink":{"type":"string"},"parentcustomerid_account":{"type":"object","properties":{"@@odata.type":{"type":"string"},"@@odata.id":{"type":"string"},"@@odata.editLink":{"type":"string"},"industrycode":{"type":"integer"},"accountid@odata.type":{"type":"string"},"accountid":{"type":"string"}}}}}}},"Update_a_record":{"runAfter":{"Parse_JSON_-_Account_Industry":["Succeeded"]},"type":"OpenApiConnection","inputs":{"host":{"apiId":"/providers/Microsoft.PowerApps/apis/shared_commondataserviceforapps","connectionName":"shared_commondataserviceforapps","operationId":"UpdateRecord"},"parameters":{"entityName":"contacts","recordId":"@items('Apply_to_each')?['contactid']","item/description":"@body('Parse_JSON_-_Account_Industry')?['parentcustomerid_account']?['industrycode']"},"authentication":"@parameters('$authentication')"}}},"runAfter":{"List_Contact_records":["Succeeded"]},"type":"Foreach"}},"outputs":{}},"connectionReferences":{"shared_commondataserviceforapps":{"connectionName":"923d6b6c586a48209b9d24c278ec3e0e","source":"Embedded","id":"/providers/Microsoft.PowerApps/apis/shared_commondataserviceforapps","tier":"NotSpecified"}},"flowFailureAlertSubscribed":false}}