<ImportExportXml xmlns:xsi="http://www.w3.org/2001/XMLSchema-instance">
  <Entities></Entities>
  <Roles></Roles>
  <Workflows>
    <Workflow WorkflowId="{187eb5c8-e9e3-ea11-a819-000d3a300a53}" Name="Manual - Get Flow Run by Record ID">
      <JsonFileName>/Workflows/Manual-GetFlowRunbyRecordID-187EB5C8-E9E3-EA11-A819-000D3A300A53.json</JsonFileName>
      <Type>1</Type>
      <Subprocess>0</Subprocess>
      <Category>5</Category>
      <Mode>0</Mode>
      <Scope>4</Scope>
      <OnDemand>0</OnDemand>
      <TriggerOnCreate>0</TriggerOnCreate>
      <TriggerOnDelete>0</TriggerOnDelete>
      <AsyncAutodelete>0</AsyncAutodelete>
      <SyncWorkflowLogOnFailure>0</SyncWorkflowLogOnFailure>
      <StateCode>1</StateCode>
      <StatusCode>2</StatusCode>
      <RunAs>1</RunAs>
      <IsTransacted>1</IsTransacted>
      <IntroducedVersion>9.2.0.0</IntroducedVersion>
      <IsCustomizable>1</IsCustomizable>
      <BusinessProcessType>0</BusinessProcessType>
      <IsCustomProcessingStepAllowedForOtherPublishers>1</IsCustomProcessingStepAllowedForOtherPublishers>
      <PrimaryEntity>none</PrimaryEntity>
      <LocalizedNames>
        <LocalizedName languagecode="1033" description="Manual - Get Flow Run by Record ID" />
      </LocalizedNames>
    </Workflow>
  </Workflows>
  <FieldSecurityProfiles></FieldSecurityProfiles>
  <Templates />
  <EntityMaps />
  <EntityRelationships />
  <OrganizationSettings />
  <optionsets />
  <CustomControls />
  <EntityDataProviders />
  <Connectors>
    <Connector>
      <connectorid>4e7710c5-442d-456f-8bf3-cc723f8ac560</connectorid>
      <description>Custom connector for Power Automate Management</description>
      <displayname>Flow Run History</displayname>
      <iconbrandcolor>#000000</iconbrandcolor>
      <name>lzw_5Fflow-20run-20history</name>
      <connectortype>1</connectortype>
      <openapidefinition>/Connector/lzw_5Fflow-20run-20history_openapidefinition.json</openapidefinition>
      <connectionparameters>/Connector/lzw_5Fflow-20run-20history_connectionparameters.json</connectionparameters>
      <policytemplateinstances>/Connector/lzw_5Fflow-20run-20history_policytemplateinstances.json</policytemplateinstances>
      <iconblob>/Connector/lzw_5Fflow-20run-20history_iconblob.Jpeg</iconblob>
    </Connector>
  </Connectors>
  <Languages>
    <Language>1033</Language>
  </Languages>
</ImportExportXml>