{
  "environmentvariablevalues": {
    "environmentvariablevalue": {
      "@environmentvariablevalueid": "648e1d3f-2b27-ec11-b6e6-000d3acc2d2a",
      "environmentvariabledefinitionid": {
        "schemaname": "lzw_SharePointFolderStructure"
      },
      "iscustomizable": "1",
      "value": "{\"folderstructure\":[{\"logicalname\":\"contact\",\"folders\":[{\"name\":\"Public\"},{\"name\":\"Private/Identity Documents\"},{\"name\":\"Private/Proof of Address\"},{\"name\":\"Private/Financial Statements/Bank Statements\"},{\"name\":\"Private/Financial Statements/Credit Card Statements\"}]},{\"logicalname\":\"lzw_application\",\"folders\":[{\"name\":\"Approval Letters\"},{\"name\":\"Supporting Documents\"}]}]}"
    }
  }
}