{"properties":{"connectionReferences":{"shared_commondataserviceforapps":{"runtimeSource":"embedded","connection":{},"api":{"name":"shared_commondataserviceforapps"}}},"definition":{"$schema":"https://schema.management.azure.com/providers/Microsoft.Logic/schemas/2016-06-01/workflowdefinition.json#","contentVersion":"1.0.0.0","parameters":{"$connections":{"defaultValue":{},"type":"Object"},"$authentication":{"defaultValue":{},"type":"SecureObject"}},"triggers":{"manual":{"type":"Request","kind":"Button","inputs":{"schema":{"type":"object","properties":{"text":{"title":"Workflow","type":"string","x-ms-dynamically-added":true,"description":"JSON output from workflow() function","x-ms-content-hint":"TEXT"},"text_1":{"title":"Trigger","type":"string","x-ms-dynamically-added":true,"description":"JSON output from trigger() function","x-ms-content-hint":"TEXT"}},"required":["text","text_1"]}}}},"actions":{"Respond_to_a_PowerApp_or_flow":{"runAfter":{"If_RunAsSystemUserId_contains_data":["Succeeded"]},"type":"Response","kind":"PowerApp","inputs":{"statusCode":200,"body":{"flow_run_id":"@outputs('Update_Flow_Run_to_Set_Triggering_User')?['body/activityid']"},"schema":{"type":"object","properties":{"flow_run_id":{"title":"Flow Run ID","x-ms-dynamically-added":true,"type":"string"}}}}},"Parse_Workflow_JSON":{"runAfter":{},"type":"ParseJson","inputs":{"content":"@triggerBody()['text']","schema":{"type":"object","properties":{"id":{"type":["string","null"]},"name":{"type":["string","null"]},"type":{"type":["string","null"]},"location":{"type":["string","null"]},"tags":{"type":"object","properties":{"flowDisplayName":{"type":["string","null"]},"environmentName":{"type":["string","null"]},"logicAppName":{"type":["string","null"]},"environmentWorkflowId":{"type":["string","null"]},"environmentFlowSuspensionReason":{"type":["string","null"]},"sharingType":{"type":["string","null"]}}},"run":{"type":"object","properties":{"id":{"type":["string","null"]},"name":{"type":["string","null"]},"type":{"type":["string","null"]}}}}}}},"Parse_Trigger_JSON":{"runAfter":{"Parse_Workflow_JSON":["Succeeded","Failed","Skipped","TimedOut"]},"type":"ParseJson","inputs":{"content":"@triggerBody()['text_1']","schema":{"type":"object","properties":{"name":{"type":["string","null"]},"inputs":{"type":"object","properties":{"host":{"type":"object","properties":{"apiId":{"type":["string","null"]},"connectionReferenceName":{"type":["string","null"]},"operationId":{"type":["string","null"]}}},"parameters":{"type":"object","properties":{"subscriptionRequest/message":{"type":["integer","null"]},"subscriptionRequest/entityname":{"type":["string","null"]},"subscriptionRequest/scope":{"type":["integer","null"]},"subscriptionRequest/filteringattributes":{"type":["string","null"]},"subscriptionRequest/name":{"type":["string","null"]}}}}},"outputs":{"type":"object","properties":{"headers":{"type":"object","properties":{"Connection":{"type":["string","null"]},"Expect":{"type":["string","null"]},"Host":{"type":["string","null"]},"x-ms-correlation-request-id":{"type":["string","null"]},"x-ms-client-request-id":{"type":["string","null"]},"x-ms-user-id":{"type":["string","null"]},"Content-Length":{"type":["string","null"]},"Content-Type":{"type":["string","null"]}}},"body":{"type":"object","properties":{"ItemInternalId":{"type":["string","null"]},"SdkMessage":{"type":["string","null"]},"RunAsSystemUserId":{"type":["string","null"]},"RowVersion":{"type":["string","null"]}}}}},"startTime":{"type":["string","null"]},"endTime":{"type":["string","null"]},"trackingId":{"type":["string","null"]},"clientTrackingId":{"type":["string","null"]},"originHistoryName":{"type":["string","null"]},"sourceHistoryName":{"type":["string","null"]},"clientKeywords":{"type":"array","items":{"type":["string","null"]}},"status":{"type":["string","null"]}}}}},"Initialize_Trigger_Event_variable":{"runAfter":{"Parse_Trigger_JSON":["Succeeded","Failed","Skipped","TimedOut"]},"type":"InitializeVariable","inputs":{"variables":[{"name":"Trigger Event","type":"integer"}]}},"Switch_triggerOutputs_SdkMessage_-_Set_Trigger_Event_variable":{"runAfter":{"Initialize_Trigger_Event_variable":["Succeeded","Failed","Skipped","TimedOut"]},"cases":{"Case_Create":{"case":"Create","actions":{"Set_Trigger_Event_variable_as_Create":{"runAfter":{},"type":"SetVariable","inputs":{"name":"Trigger Event","value":273510000}}}},"Case_Update":{"case":"Update","actions":{"Set_Trigger_Event_variable_as_Update":{"runAfter":{},"type":"SetVariable","inputs":{"name":"Trigger Event","value":273510001}}}},"Case_Delete":{"case":"Delete","actions":{"Set_Trigger_Event_variable_as_Delete":{"runAfter":{},"type":"SetVariable","inputs":{"name":"Trigger Event","value":273510002}}}}},"default":{"actions":{"Set_Trigger_Event_variable_as_Select":{"runAfter":{},"type":"SetVariable","inputs":{"name":"Trigger Event","value":273510003}}}},"expression":"@body('Parse_Trigger_JSON')?['outputs']?['body']?['SdkMessage']","type":"Switch","description":"body('Parse_Trigger_JSON')?['outputs']?['body']?['SdkMessage']"},"Create_a_new_Flow_Run":{"runAfter":{"Switch_triggerOutputs_SdkMessage_-_Set_Trigger_Event_variable":["Succeeded","Failed","Skipped","TimedOut"]},"type":"OpenApiConnection","inputs":{"host":{"connectionName":"shared_commondataserviceforapps","operationId":"CreateRecord","apiId":"/providers/Microsoft.PowerApps/apis/shared_commondataserviceforapps"},"parameters":{"entityName":"lzw_flowruns","item/subject":"@body('Parse_Workflow_JSON')?['tags']?['flowDisplayName']","item/lzw_flowrunurl":"@concat('https://flow.microsoft.com/manage/environments/', body('Parse_Workflow_JSON')?['tags']?['environmentName'], '/flows/', body('Parse_Workflow_JSON')?['name'], '/runs/', body('Parse_Workflow_JSON')?['run']?['name'])","item/actualstart":"@body('Parse_Trigger_JSON')?['startTime']","item/lzw_trigger":"@variables('Trigger Event')"},"authentication":{"type":"Raw","value":"@json(decodeBase64(triggerOutputs().headers['X-MS-APIM-Tokens']))['$ConnectionKey']"}}},"If_RunAsSystemUserId_contains_data":{"actions":{"Update_Flow_Run_to_Set_Triggering_User":{"runAfter":{},"type":"OpenApiConnection","inputs":{"host":{"connectionName":"shared_commondataserviceforapps","operationId":"UpdateRecord","apiId":"/providers/Microsoft.PowerApps/apis/shared_commondataserviceforapps"},"parameters":{"entityName":"lzw_flowruns","recordId":"@outputs('Create_a_new_Flow_Run')?['body/activityid']","item/ownerid_lzw_flowrun@odata.bind":"systemusers(@{body('Parse_Trigger_JSON')?['outputs']?['body']?['RunAsSystemUserId']})"},"authentication":{"type":"Raw","value":"@json(decodeBase64(triggerOutputs().headers['X-MS-APIM-Tokens']))['$ConnectionKey']"}}}},"runAfter":{"Create_a_new_Flow_Run":["Succeeded","Failed","Skipped","TimedOut"]},"expression":{"not":{"equals":["@body('Parse_Trigger_JSON')?['outputs']?['body']?['RunAsSystemUserId']","@null"]}},"type":"If"}},"outputs":{}}},"schemaVersion":"1.0.0.0"}