{"properties":{"connectionReferences":{"shared_commondataserviceforapps":{"runtimeSource":"embedded","connection":{},"api":{"name":"shared_commondataserviceforapps"}}},"definition":{"$schema":"https://schema.management.azure.com/providers/Microsoft.Logic/schemas/2016-06-01/workflowdefinition.json#","contentVersion":"1.0.0.0","parameters":{"$connections":{"defaultValue":{},"type":"Object"},"$authentication":{"defaultValue":{},"type":"SecureObject"}},"triggers":{"When_Account_is_created,_updated_or_deleted":{"type":"OpenApiConnectionWebhook","inputs":{"host":{"connectionName":"shared_commondataserviceforapps","operationId":"SubscribeWebhookTrigger","apiId":"/providers/Microsoft.PowerApps/apis/shared_commondataserviceforapps"},"parameters":{"subscriptionRequest/message":7,"subscriptionRequest/entityname":"account","subscriptionRequest/scope":4,"subscriptionRequest/filteringattributes":"name"},"authentication":"@parameters('$authentication')"}}},"actions":{"Scope_-_Main_Flow":{"actions":{"List_records_(Dummy_Record)":{"runAfter":{},"type":"OpenApiConnection","inputs":{"host":{"connectionName":"shared_commondataserviceforapps","operationId":"ListRecords","apiId":"/providers/Microsoft.PowerApps/apis/shared_commondataserviceforapps"},"parameters":{"entityName":"contacts"},"authentication":"@parameters('$authentication')"}}},"runAfter":{"Initialize_Flow_Status_variable":["Succeeded"]},"type":"Scope"},"Set_Flow_Status_variable_as_Successful":{"runAfter":{"Scope_-_Main_Flow":["Succeeded"]},"type":"SetVariable","inputs":{"name":"Flow Status","value":273510000}},"Initialize_Flow_Status_variable":{"runAfter":{},"type":"InitializeVariable","inputs":{"variables":[{"name":"Flow Status","type":"integer"}]}},"Set_Flow_Status_variable_as_Failed":{"runAfter":{"Scope_-_Main_Flow":["Failed"]},"type":"SetVariable","inputs":{"name":"Flow Status","value":273510001}},"Set_Flow_Status_variable_as_Timed_Out":{"runAfter":{"Scope_-_Main_Flow":["TimedOut"]},"type":"SetVariable","inputs":{"name":"Flow Status","value":273510003}},"Create_a_new_Flow_Run":{"runAfter":{"Switch_triggerOutputs_SdkMessage_-_Set_Trigger_Event_variable":["Succeeded"]},"type":"OpenApiConnection","inputs":{"host":{"connectionName":"shared_commondataserviceforapps","operationId":"CreateRecord","apiId":"/providers/Microsoft.PowerApps/apis/shared_commondataserviceforapps"},"parameters":{"entityName":"lzw_flowruns","item/subject":"@workflow()['tags']['flowDisplayName']","item/description":"@if(\r\n    equals(\r\n        outputs('List_records_(Dummy_Record)')?['body']?['error'],\r\n        null\r\n    ),\r\n    '', \r\n    concat(\r\n        actions('List_records_(Dummy_Record)')?['name'],\r\n        '\r\nError Code:',\r\n        outputs('List_records_(Dummy_Record)')?['body']?['error']?['code'],\r\n        '\r\nError Message: ',\r\n        outputs('List_records_(Dummy_Record)')?['body']?['error']?['message'],\r\n        '\r\nInner Error: ',\r\n        outputs('List_records_(Dummy_Record)')?['body']?['error']?['innererror']\r\n    )\r\n)","item/actualdurationminutes":"@div(\r\n    sub(\r\n        ticks(trigger()?['startTime']),\r\n        ticks(utcNow())\r\n    ),\r\n    600000000\r\n)","item/actualend":"@utcNow()","item/lzw_flowrunurl":"@concat(\n    'https://flow.microsoft.com/manage/environments/',\n    workflow()['tags']['environmentName'],\n    '/flows/',\n    workflow()['name'],\n    '/runs/',\n    workflow()['run']['name']\n)","item/actualstart":"@trigger()?['startTime']","item/statuscode":"@variables('Flow Status')","item/lzw_trigger":"@variables('Trigger Event')"},"authentication":"@parameters('$authentication')"}},"Initialize_Trigger_Event_variable":{"runAfter":{"Set_Flow_Status_variable_as_Failed":["Succeeded","Skipped"],"Set_Flow_Status_variable_as_Successful":["Succeeded","Skipped"],"Set_Flow_Status_variable_as_Timed_Out":["Succeeded","Skipped"]},"type":"InitializeVariable","inputs":{"variables":[{"name":"Trigger Event","type":"integer"}]}},"Terminate_with_same_Status":{"runAfter":{"If_Trigger_is_not_Delete_event":["Succeeded"]},"type":"Terminate","inputs":{"runStatus":"@{if(equals(variables('Flow Status'), 273510000), 'Succeeded', 'Failed')}"}},"If_Trigger_is_not_Delete_event":{"actions":{"Update_Flow_Run_to_Set_Regarding_record":{"runAfter":{},"type":"OpenApiConnection","inputs":{"host":{"connectionName":"shared_commondataserviceforapps","operationId":"UpdateRecord","apiId":"/providers/Microsoft.PowerApps/apis/shared_commondataserviceforapps"},"parameters":{"entityName":"lzw_flowruns","recordId":"@outputs('Create_a_new_Flow_Run')?['body/activityid']","item/regardingobjectid_account_lzw_flowrun@odata.bind":"accounts(@{triggerOutputs()?['body/accountid']})"},"authentication":"@parameters('$authentication')"}}},"runAfter":{"If_RunAsSystemUserId_contains_data":["Succeeded"]},"expression":{"not":{"equals":["@variables('Trigger Event')",273510002]}},"type":"If"},"If_RunAsSystemUserId_contains_data":{"actions":{"Update_Flow_Run_to_Set_Triggering_User":{"runAfter":{},"type":"OpenApiConnection","inputs":{"host":{"connectionName":"shared_commondataserviceforapps","operationId":"UpdateRecord","apiId":"/providers/Microsoft.PowerApps/apis/shared_commondataserviceforapps"},"parameters":{"entityName":"lzw_flowruns","recordId":"@outputs('Create_a_new_Flow_Run')?['body/activityid']","item/ownerid_lzw_flowrun@odata.bind":"systemusers(@{triggerOutputs()?['body']?['RunAsSystemUserId']})"},"authentication":"@parameters('$authentication')"}}},"runAfter":{"Create_a_new_Flow_Run":["Succeeded"]},"expression":{"not":{"equals":["@triggerOutputs()?['body']?['RunAsSystemUserId']","@null"]}},"type":"If"},"Switch_triggerOutputs_SdkMessage_-_Set_Trigger_Event_variable":{"runAfter":{"Initialize_Trigger_Event_variable":["Succeeded"]},"cases":{"Case_Create":{"case":"Create","actions":{"Set_Trigger_Event_variable_as_Create":{"runAfter":{},"type":"SetVariable","inputs":{"name":"Trigger Event","value":273510000}}}},"Case_Update":{"case":"Update","actions":{"Set_Trigger_Event_variable_as_Update":{"runAfter":{},"type":"SetVariable","inputs":{"name":"Trigger Event","value":273510001}}}},"Case_Delete":{"case":"Delete","actions":{"Set_Trigger_Event_variable_as_Delete":{"runAfter":{},"type":"SetVariable","inputs":{"name":"Trigger Event","value":273510002}}}}},"default":{"actions":{"Set_Trigger_Event_variable_as_Select":{"runAfter":{},"type":"SetVariable","inputs":{"name":"Trigger Event","value":273510003}}}},"expression":"@triggerOutputs()?['body/SdkMessage']","type":"Switch","description":"triggerOutputs()?['body/SdkMessage']"}},"outputs":{}}},"schemaVersion":"1.0.0.0"}