{"properties":{"connectionReferences":{"shared_commondataserviceforapps":{"runtimeSource":"embedded","connection":{},"api":{"name":"shared_commondataserviceforapps"}}},"definition":{"$schema":"https://schema.management.azure.com/providers/Microsoft.Logic/schemas/2016-06-01/workflowdefinition.json#","contentVersion":"1.0.0.0","parameters":{"$connections":{"defaultValue":{},"type":"Object"},"$authentication":{"defaultValue":{},"type":"SecureObject"}},"triggers":{"When_Account_website_is_updated":{"type":"OpenApiConnectionWebhook","inputs":{"host":{"connectionName":"shared_commondataserviceforapps","operationId":"SubscribeWebhookTrigger","apiId":"/providers/Microsoft.PowerApps/apis/shared_commondataserviceforapps"},"parameters":{"subscriptionRequest/message":3,"subscriptionRequest/entityname":"account","subscriptionRequest/scope":4,"subscriptionRequest/filteringattributes":"websiteurl"},"authentication":"@parameters('$authentication')"}}},"actions":{"Run_a_Flow_History_Logging_Child_Flow":{"runAfter":{},"type":"Workflow","inputs":{"host":{"workflowReferenceName":"5c50b9cd-76b4-ea11-a812-000d3a300a53"},"body":{"text":"@string(workflow())","text_1":"@string(trigger())"}}},"Update_Flow_Run_to_Set_Triggering_User":{"runAfter":{"Run_a_Flow_History_Logging_Child_Flow":["Succeeded"]},"type":"OpenApiConnection","inputs":{"host":{"connectionName":"shared_commondataserviceforapps","operationId":"UpdateRecord","apiId":"/providers/Microsoft.PowerApps/apis/shared_commondataserviceforapps"},"parameters":{"entityName":"lzw_flowruns","recordId":"@outputs('Run_a_Flow_History_Logging_Child_Flow')?['Body']?['flow_run_id']","item/regardingobjectid_account_lzw_flowrun@odata.bind":"accounts(@{triggerOutputs()?['body/accountid']})"},"authentication":"@parameters('$authentication')"}},"List_records_(Dummy_Record)":{"runAfter":{"Update_Flow_Run_to_Set_Triggering_User":["Succeeded","Failed","Skipped","TimedOut"]},"type":"OpenApiConnection","inputs":{"host":{"connectionName":"shared_commondataserviceforapps","operationId":"ListRecords","apiId":"/providers/Microsoft.PowerApps/apis/shared_commondataserviceforapps"},"parameters":{"entityName":"contacts"},"authentication":"@parameters('$authentication')"}}},"outputs":{}}},"schemaVersion":"1.0.0.0"}