{"name":"4c187d8b-5253-444c-81ea-9470b5289550","id":"/providers/Microsoft.Flow/flows/4c187d8b-5253-444c-81ea-9470b5289550","type":"Microsoft.Flow/flows","properties":{"apiId":"/providers/Microsoft.PowerApps/apis/shared_logicflows","displayName":"Send Email to All Email Addresses of Contact","definition":{"$schema":"https://schema.management.azure.com/providers/Microsoft.Logic/schemas/2016-06-01/workflowdefinition.json#","contentVersion":"1.0.0.0","parameters":{"$connections":{"defaultValue":{},"type":"Object"},"$authentication":{"defaultValue":{},"type":"SecureObject"}},"triggers":{"manual":{"type":"Request","kind":"Button","inputs":{"schema":{"type":"object","properties":{},"required":[]}}}},"actions":{"List_Contacts_with_Email_Address":{"runAfter":{},"type":"OpenApiConnection","inputs":{"host":{"connectionName":"shared_commondataserviceforapps","operationId":"ListRecords","apiId":"/providers/Microsoft.PowerApps/apis/shared_commondataserviceforapps"},"parameters":{"entityName":"contacts","$select":"emailaddress1,emailaddress2,emailaddress3,ownerid,_ownerid_value","$filter":"emailaddress1 ne null or emailaddress2 ne null or emailaddress3 ne null"},"authentication":{"type":"Raw","value":"@json(decodeBase64(triggerOutputs().headers['X-MS-APIM-Tokens']))['$ConnectionKey']"}}},"Apply_to_each_Contact":{"foreach":"@outputs('List_Contacts_with_Email_Address')?['body/value']","actions":{"If_Email_2_Contains_Data,_Append_Email_1_to_array_variable":{"actions":{"Append_Email_2_to_array_variable_Email_Addresses_JSON":{"runAfter":{},"type":"AppendToArrayVariable","inputs":{"name":"Email Addresses JSON","value":{"participationtypemask":2,"addressused":"@{items('Apply_to_each_Contact')?['emailaddress2']}"}}}},"runAfter":{"If_Email_1_Contains_Data,_Append_Email_1_to_array_variable":["Succeeded"]},"expression":{"not":{"equals":["@items('Apply_to_each_Contact')?['emailaddress2']","@null"]}},"type":"If"},"If_Email_3_Contains_Data,_Append_Email_1_to_array_variable":{"actions":{"Append_Email_3_to_array_variable_Email_Addresses_JSON":{"runAfter":{},"type":"AppendToArrayVariable","inputs":{"name":"Email Addresses JSON","value":{"participationtypemask":2,"addressused":"@{items('Apply_to_each_Contact')?['emailaddress3']}"}}}},"runAfter":{"If_Email_2_Contains_Data,_Append_Email_1_to_array_variable":["Succeeded"]},"expression":{"not":{"equals":["@items('Apply_to_each_Contact')?['emailaddress3']","@null"]}},"type":"If"},"Create_a_new_Email":{"runAfter":{"If_Email_3_Contains_Data,_Append_Email_1_to_array_variable":["Succeeded"]},"type":"OpenApiConnection","inputs":{"host":{"connectionName":"shared_commondataserviceforapps","operationId":"CreateRecord","apiId":"/providers/Microsoft.PowerApps/apis/shared_commondataserviceforapps"},"parameters":{"entityName":"emails","item/activitypointer_activity_parties":"@variables('Email Addresses JSON')","item/subject":"Test Email from Flow"},"authentication":{"type":"Raw","value":"@json(decodeBase64(triggerOutputs().headers['X-MS-APIM-Tokens']))['$ConnectionKey']"}}},"If_Email_1_Contains_Data,_Append_Email_1_to_array_variable":{"actions":{"Append_Email_1_to_array_variable_Email_Addresses_JSON":{"runAfter":{},"type":"AppendToArrayVariable","inputs":{"name":"Email Addresses JSON","value":{"participationtypemask":2,"addressused":"@{items('Apply_to_each_Contact')?['emailaddress1']}"}}}},"runAfter":{"Append_contact_owner_as_Sender_to_array_variable_Email_Addresses_JSON":["Succeeded"]},"expression":{"not":{"equals":["@items('Apply_to_each_Contact')?['emailaddress1']","@null"]}},"type":"If"},"Clear_variable_Email_Addresses_JSON":{"runAfter":{},"type":"SetVariable","inputs":{"name":"Email Addresses JSON","value":"@null"}},"Append_contact_owner_as_Sender_to_array_variable_Email_Addresses_JSON":{"runAfter":{"Clear_variable_Email_Addresses_JSON":["Succeeded"]},"type":"AppendToArrayVariable","inputs":{"name":"Email Addresses JSON","value":{"participationtypemask":1,"partyid@odata.bind":"@concat('systemusers(', items('Apply_to_each_Contact')?['_ownerid_value'], ')')"}},"description":"concat('systemusers(', items('Apply_to_each_Contact')?['_ownerid_value'], ')')"},"Perform_a_bound_action_to_Send_Email":{"runAfter":{"Create_a_new_Email":["Succeeded"]},"type":"OpenApiConnection","inputs":{"host":{"connectionName":"shared_commondataserviceforapps","operationId":"PerformBoundAction","apiId":"/providers/Microsoft.PowerApps/apis/shared_commondataserviceforapps"},"parameters":{"entityName":"emails","actionName":"Microsoft.Dynamics.CRM.SendEmail","recordId":"@outputs('Create_a_new_Email')?['body/activityid']","item/IssueSend":true},"authentication":{"type":"Raw","value":"@json(decodeBase64(triggerOutputs().headers['X-MS-APIM-Tokens']))['$ConnectionKey']"}}}},"runAfter":{"Initialize_variable_Email_Addresses_JSON":["Succeeded"]},"type":"Foreach"},"Initialize_variable_Email_Addresses_JSON":{"runAfter":{"List_Contacts_with_Email_Address":["Succeeded"]},"type":"InitializeVariable","inputs":{"variables":[{"name":"Email Addresses JSON","type":"array"}]}}},"outputs":{}},"connectionReferences":{"shared_commondataserviceforapps":{"connectionName":"923d6b6c586a48209b9d24c278ec3e0e","source":"Embedded","id":"/providers/Microsoft.PowerApps/apis/shared_commondataserviceforapps","tier":"NotSpecified"}},"flowFailureAlertSubscribed":false}}