{"properties":{"connectionReferences":{"shared_commondataserviceforapps":{"impersonation":{"source":"invoker"},"runtimeSource":"embedded","connection":{"connectionReferenceLogicalName":"ss_sharedcommondataserviceforapps_c7f96"},"api":{"name":"shared_commondataserviceforapps"}},"shared_teams":{"runtimeSource":"embedded","connection":{"connectionReferenceLogicalName":"ss_sharedteams_45594"},"api":{"name":"shared_teams"}}},"definition":{"$schema":"https://schema.management.azure.com/providers/Microsoft.Logic/schemas/2016-06-01/workflowdefinition.json#","contentVersion":"1.0.0.0","parameters":{"$connections":{"defaultValue":{},"type":"Object"},"$authentication":{"defaultValue":{},"type":"SecureObject"}},"triggers":{"When_Approval_is_updated":{"type":"OpenApiConnectionWebhook","inputs":{"host":{"connectionName":"shared_commondataserviceforapps","operationId":"SubscribeWebhookTrigger","apiId":"/providers/Microsoft.PowerApps/apis/shared_commondataserviceforapps"},"parameters":{"subscriptionRequest/message":3,"subscriptionRequest/entityname":"ss_approval","subscriptionRequest/scope":4,"subscriptionRequest/filteringattributes":"ss_decision","subscriptionRequest/filterexpression":"(ss_decision eq 717800000 or ss_decision eq 717800001 or ss_decision eq 717800002)"},"authentication":"@parameters('$authentication')"},"description":"Decision = Pending OR Approved OR Rejected"}},"actions":{"If_Decision_is_Pending":{"actions":{"Get_a_Requester_and_Approver_User_Info":{"runAfter":{},"type":"OpenApiConnection","inputs":{"host":{"connectionName":"shared_commondataserviceforapps","operationId":"GetItem","apiId":"/providers/Microsoft.PowerApps/apis/shared_commondataserviceforapps"},"parameters":{"entityName":"ss_approvals","recordId":"@triggerOutputs()?['body/ss_approvalid']","$select":"ss_approvalid","$expand":"ss_Approver($select=ss_name,emailaddress),ss_Request($select=ss_description,ss_requesttype;$expand=ss_Requester($select=ss_name,ss_image))"},"authentication":"@parameters('$authentication')"}},"Post_an_Adaptive_Card_to_Approver_and_wait_for_a_response":{"runAfter":{"Get_a_Requester_and_Approver_User_Info":["Succeeded"]},"type":"OpenApiConnectionWebhook","inputs":{"host":{"connectionName":"shared_teams","operationId":"SubscribeUserFlowContinuation","apiId":"/providers/Microsoft.PowerApps/apis/shared_teams"},"parameters":{"UserFlowContinuationSubscriptionRequest/body/recipient/to":"@outputs('Get_a_Requester_and_Approver_User_Info')?['body/ss_approver/emailaddress']","UserFlowContinuationSubscriptionRequest/body/messageBody":"{\"type\":\"AdaptiveCard\",\"body\":[{\"type\":\"TextBlock\",\"size\":\"Large\",\"weight\":\"Bolder\",\"color\":\"Dark\",\"text\":\"Hey! I have raised a new Request.\"},{\"type\":\"ColumnSet\",\"columns\":[{\"type\":\"Column\",\"items\":[{\"type\":\"Image\",\"style\":\"Person\",\"url\": \"data:image/png;base64,{$root.Pic}\",\"size\":\"Small\"}],\"width\":\"auto\"},{\"type\":\"Column\",\"items\":[{\"type\":\"TextBlock\",\"weight\":\"Bolder\",\"text\":\"{$root.Requester}\",\"wrap\":true,\"$data\":\"{$root.Requester}\"},{\"type\":\"TextBlock\",\"spacing\":\"None\",\"isSubtle\":true,\"wrap\":true,\"$data\":\"{$root.CreatedDate}\",\"text\":\"{$root.CreatedDate}\"}],\"width\":\"stretch\"}]},{\"type\":\"TextBlock\",\"text\":\"Hi {$root.Approver},\\n\\nCan you review the request I submitted and let me know if it is Approved?\",\"wrap\":true},{\"type\":\"FactSet\",\"facts\":[{\"title\":\"Request Type:\",\"value\":\"{$root.RequestType}\"},{\"title\":\"Description\",\"value\":\"{$root.Description}\"}],\"$data\":\"{$root.Description}\",\"$when\":\"{$root.Description}\"},{\"type\":\"ActionSet\",\"actions\":[{\"title\":\"Approve\",\"type\":\"Action.Submit\",\"style\":\"positive\"},{\"title\":\"Reject\",\"type\":\"Action.ShowCard\",\"card\":{\"type\":\"AdaptiveCard\",\"$schema\":\"http://adaptivecards.io/schemas/adaptive-card.json\",\"version\":\"1.2\",\"body\":[{\"type\":\"Input.Text\",\"placeholder\":\"Add rejection comments here.\",\"isMultiline\":true,\"id\":\"rejectionComm\"},{\"type\":\"ActionSet\",\"actions\":[{\"type\":\"Action.Submit\",\"title\":\"Submit Rejection\"}]}]},\"style\":\"destructive\"}]}],\"$schema\":\"http://adaptivecards.io/schemas/adaptive-card.json\",\"version\":\"1.2\",\"-ms-tokens\":{\"Requester\":\"@{outputs('Get_a_Requester_and_Approver_User_Info')?['body/ss_request/ss_requester/ss_name']}\",\"Approver\":\"@{outputs('Get_a_Requester_and_Approver_User_Info')?['body/ss_approver/ss_name']}\",\"Description\":\"@{outputs('Get_a_Requester_and_Approver_User_Info')?['body/ss_request/ss_description']}\",\"RequestType\":\"@{outputs('Get_a_Requester_and_Approver_User_Info')?['body/ss_request/ss_requesttype@OData.Community.Display.V1.FormattedValue']}\",\"CreatedDate\":\"@{formatDateTime(triggerOutputs()?['body/modifiedon'], 'dd MMM yyyy')}\",\"Pic\":\"@{outputs('Get_a_Requester_and_Approver_User_Info')?['body/ss_request/ss_requester/ss_image']}\"}}","UserFlowContinuationSubscriptionRequest/body/updateMessage":"We'll let the user know about the Request status.","UserFlowContinuationSubscriptionRequest/body/shouldUpdateCard":true,"UserFlowContinuationSubscriptionRequest/body/recipient/summary":"Your approval is required","UserFlowContinuationSubscriptionRequest/body/recipient/isAlert":true},"authentication":"@parameters('$authentication')"}},"Get_Approval_Current_Status":{"runAfter":{"Post_an_Adaptive_Card_to_Approver_and_wait_for_a_response":["Succeeded"]},"type":"OpenApiConnection","inputs":{"host":{"connectionName":"shared_commondataserviceforapps","operationId":"GetItem","apiId":"/providers/Microsoft.PowerApps/apis/shared_commondataserviceforapps"},"parameters":{"entityName":"ss_approvals","recordId":"@triggerOutputs()?['body/ss_approvalid']","$select":"ss_decision"},"authentication":"@parameters('$authentication')"}},"If_Decision_is_No_longer_required":{"actions":{"Terminate":{"runAfter":{},"type":"Terminate","inputs":{"runStatus":"Succeeded"}}},"runAfter":{"Get_Approval_Current_Status":["Succeeded"]},"expression":{"equals":["@outputs('Get_Approval_Current_Status')?['body/ss_decision']",717800003]},"type":"If"},"_If_Response_is_Approve":{"actions":{"Update_Approval_as_Approved":{"runAfter":{},"type":"OpenApiConnection","inputs":{"host":{"connectionName":"shared_commondataserviceforapps","operationId":"UpdateRecord","apiId":"/providers/Microsoft.PowerApps/apis/shared_commondataserviceforapps"},"parameters":{"entityName":"ss_approvals","recordId":"@triggerOutputs()?['body/ss_approvalid']","item/ss_decision":717800001,"item/ss_decisiondate":"@formatDateTime(utcNow(), 'yyyy-MM-dd')"},"authentication":"@parameters('$authentication')"}}},"runAfter":{"If_Decision_is_No_longer_required":["Succeeded"]},"else":{"actions":{"Update_Approval_as_Rejected":{"runAfter":{},"type":"OpenApiConnection","inputs":{"host":{"connectionName":"shared_commondataserviceforapps","operationId":"UpdateRecord","apiId":"/providers/Microsoft.PowerApps/apis/shared_commondataserviceforapps"},"parameters":{"entityName":"ss_approvals","recordId":"@triggerOutputs()?['body/ss_approvalid']","item/ss_comments":"@outputs('Post_an_Adaptive_Card_to_Approver_and_wait_for_a_response')?['body/data/rejectionComm']","item/ss_decision":717800002,"item/ss_decisiondate":"@formatDateTime(utcNow(),'yyyy-MM-dd')"},"authentication":"@parameters('$authentication')"}}}},"expression":{"equals":["@outputs('Post_an_Adaptive_Card_to_Approver_and_wait_for_a_response')?['body/submitActionId']","Approve"]},"type":"If"}},"runAfter":{},"else":{"actions":{"Get_Approval_Template_for_Approved":{"runAfter":{},"type":"OpenApiConnection","inputs":{"host":{"connectionName":"shared_commondataserviceforapps","operationId":"GetItem","apiId":"/providers/Microsoft.PowerApps/apis/shared_commondataserviceforapps"},"parameters":{"entityName":"ss_requests","recordId":"@triggerOutputs()?['body/_ss_request_value']","$select":"ss_requestid","$expand":"ss_ApprovalTemplate($select=ss_approvaltype)"},"authentication":"@parameters('$authentication')"}},"If_Approval_Type_is_First_to_Respond":{"actions":{"List_other_Approvals":{"runAfter":{},"type":"OpenApiConnection","inputs":{"host":{"connectionName":"shared_commondataserviceforapps","operationId":"ListRecords","apiId":"/providers/Microsoft.PowerApps/apis/shared_commondataserviceforapps"},"parameters":{"entityName":"ss_approvals","$select":"ss_approvalid","$filter":"_ss_request_value eq @{triggerOutputs()?['body/_ss_request_value']} and ss_approvalid ne @{triggerOutputs()?['body/ss_approvalid']}"},"authentication":"@parameters('$authentication')"},"description":"add(triggerOutputs()?['body/ss_levelofapproval'], 1)"},"Apply_to_each_Approval":{"foreach":"@outputs('List_other_Approvals')?['body/value']","actions":{"Update_Approval_as_No_longer_required":{"runAfter":{},"type":"OpenApiConnection","inputs":{"host":{"connectionName":"shared_commondataserviceforapps","operationId":"UpdateRecord","apiId":"/providers/Microsoft.PowerApps/apis/shared_commondataserviceforapps"},"parameters":{"entityName":"ss_approvals","recordId":"@items('Apply_to_each_Approval')?['ss_approvalid']","item/ss_decision":717800003},"authentication":"@parameters('$authentication')"}}},"runAfter":{"List_other_Approvals":["Succeeded"]},"type":"Foreach"}},"runAfter":{"Get_Approval_Template_for_Approved":["Succeeded"]},"else":{"actions":{"If_Decision_is_Approved":{"actions":{"List_next_level_of_Approval":{"runAfter":{},"type":"OpenApiConnection","inputs":{"host":{"connectionName":"shared_commondataserviceforapps","operationId":"ListRecords","apiId":"/providers/Microsoft.PowerApps/apis/shared_commondataserviceforapps"},"parameters":{"entityName":"ss_approvals","$select":"ss_approvalid","$filter":"_ss_request_value eq @{triggerOutputs()?['body/_ss_request_value']} and ss_levelofapproval eq @{add(triggerOutputs()?['body/ss_levelofapproval'], 1)}"},"authentication":"@parameters('$authentication')"},"description":"add(triggerOutputs()?['body/ss_levelofapproval'], 1)"},"If_there_is_next_level_of_Approval":{"actions":{"Update_Approval_as_Pending":{"runAfter":{},"type":"OpenApiConnection","inputs":{"host":{"connectionName":"shared_commondataserviceforapps","operationId":"UpdateRecord","apiId":"/providers/Microsoft.PowerApps/apis/shared_commondataserviceforapps"},"parameters":{"entityName":"ss_approvals","recordId":"@first(outputs('List_next_level_of_Approval')?['body/value'])?['ss_approvalid']","item/ss_decision":717800000},"authentication":"@parameters('$authentication')"}},"Terminate_for_Approval":{"runAfter":{"Update_Approval_as_Pending":["Succeeded"]},"type":"Terminate","inputs":{"runStatus":"Succeeded"}}},"runAfter":{"List_next_level_of_Approval":["Succeeded"]},"expression":{"greater":["@length(outputs('List_next_level_of_Approval')?['body/value'])",0]},"type":"If"}},"runAfter":{},"expression":{"equals":["@triggerOutputs()?['body/ss_decision']",717800001]},"type":"If"}}},"expression":{"equals":["@outputs('Get_Approval_Template_for_Approved')?['body/ss_approvaltemplate/ss_approvaltype']",717800001]},"type":"If"},"Update_Request_Status":{"runAfter":{"Get_Employee_name":["Succeeded"]},"type":"OpenApiConnection","inputs":{"host":{"connectionName":"shared_commondataserviceforapps","operationId":"UpdateRecord","apiId":"/providers/Microsoft.PowerApps/apis/shared_commondataserviceforapps"},"parameters":{"entityName":"ss_requests","recordId":"@triggerOutputs()?['body/_ss_request_value']","item/ss_approvalstatus":"@if(equals(triggerOutputs()?['body/ss_decision'], 717800001), 1, 2)","item/ss_approvedby":"@if(equals(triggerOutputs()?['body/ss_decision'], 717800001), outputs('Get_Employee_name')?['body/ss_name'], '')","item/ss_rejectedby":"@if(equals(triggerOutputs()?['body/ss_decision'], 717800002), outputs('Get_Employee_name')?['body/ss_name'], '')","item/ss_rejectioncomments":"@triggerOutputs()?['body/ss_comments']"},"authentication":"@parameters('$authentication')"},"description":"if(equals(triggerOutputs()?['body/ss_decision'], 717800001), 1, 2)"},"Get_Employee_name":{"runAfter":{"If_Approval_Type_is_First_to_Respond":["Succeeded"]},"type":"OpenApiConnection","inputs":{"host":{"connectionName":"shared_commondataserviceforapps","operationId":"GetItem","apiId":"/providers/Microsoft.PowerApps/apis/shared_commondataserviceforapps"},"parameters":{"entityName":"ss_employees","recordId":"@triggerOutputs()?['body/_ss_approver_value']","$select":"ss_name"},"authentication":"@parameters('$authentication')"}}}},"expression":{"equals":["@triggerOutputs()?['body/ss_decision']",717800000]},"type":"If"}},"outputs":{}}},"schemaVersion":"1.0.0.0"}