{"properties":{"connectionReferences":{"shared_commondataserviceforapps":{"runtimeSource":"embedded","connection":{"connectionReferenceLogicalName":"ss_sharedcommondataserviceforapps_c7f96"},"api":{"name":"shared_commondataserviceforapps"}}},"definition":{"$schema":"https://schema.management.azure.com/providers/Microsoft.Logic/schemas/2016-06-01/workflowdefinition.json#","contentVersion":"1.0.0.0","parameters":{"$connections":{"defaultValue":{},"type":"Object"},"$authentication":{"defaultValue":{},"type":"SecureObject"}},"triggers":{"When_a_Request_is_created":{"type":"OpenApiConnectionWebhook","inputs":{"host":{"connectionName":"shared_commondataserviceforapps","operationId":"SubscribeWebhookTrigger","apiId":"/providers/Microsoft.PowerApps/apis/shared_commondataserviceforapps"},"parameters":{"subscriptionRequest/message":1,"subscriptionRequest/entityname":"ss_request","subscriptionRequest/scope":4},"authentication":"@parameters('$authentication')"}}},"actions":{"Get_Approval_Template":{"runAfter":{},"type":"OpenApiConnection","inputs":{"host":{"connectionName":"shared_commondataserviceforapps","operationId":"GetItem","apiId":"/providers/Microsoft.PowerApps/apis/shared_commondataserviceforapps"},"parameters":{"entityName":"ss_approvaltemplates","recordId":"@triggerOutputs()?['body/_ss_approvaltemplate_value']"},"authentication":"@parameters('$authentication')"}},"Approver_Type":{"runAfter":{"Initialize_Managers_Array_variable":["Succeeded"]},"cases":{"Hierarchical":{"case":717800000,"actions":{"Do_until_Level_of_Approval":{"actions":{"Create_a_new_Approval":{"runAfter":{},"type":"OpenApiConnection","inputs":{"host":{"connectionName":"shared_commondataserviceforapps","operationId":"CreateRecord","apiId":"/providers/Microsoft.PowerApps/apis/shared_commondataserviceforapps"},"parameters":{"entityName":"ss_approvals","item/ss_Approver@odata.bind":"ss_employees(@{variables('Managers')[variables('Current Level')]})","item/ss_levelofapproval":"@add(variables('Current Level'), 1)","item/ss_Request@odata.bind":"ss_requests(@{triggerOutputs()?['body/ss_requestid']})"},"authentication":"@parameters('$authentication')"}},"Increment_Current_Level_variable":{"runAfter":{"If_Approval_is_first_approval_or_Approval_Type_is_First_to_Respond":["Succeeded"]},"type":"IncrementVariable","inputs":{"name":"Current Level","value":1}},"If_Approval_is_first_approval_or_Approval_Type_is_First_to_Respond":{"actions":{"Update_Approval_as_Pending":{"runAfter":{},"type":"OpenApiConnection","inputs":{"host":{"connectionName":"shared_commondataserviceforapps","operationId":"UpdateRecord","apiId":"/providers/Microsoft.PowerApps/apis/shared_commondataserviceforapps"},"parameters":{"entityName":"ss_approvals","recordId":"@outputs('Create_a_new_Approval')?['body/ss_approvalid']","item/ss_decision":717800000},"authentication":"@parameters('$authentication')"}}},"runAfter":{"Create_a_new_Approval":["Succeeded"]},"expression":{"or":[{"equals":["@variables('Current Level')",0]},{"equals":["@outputs('Get_Approval_Template')?['body/ss_approvaltype']",717800001]}]},"type":"If"}},"runAfter":{"Get_Manager_Info":["Succeeded"]},"expression":"@equals(variables('Current Level'), outputs('Get_Approval_Template')?['body/ss_levelofapproval'])","limit":{"count":60,"timeout":"PT1H"},"type":"Until"},"Get_Manager_Info":{"actions":{"Get_Manager_info_of_Requester":{"runAfter":{},"type":"OpenApiConnection","inputs":{"host":{"connectionName":"shared_commondataserviceforapps","operationId":"GetItem","apiId":"/providers/Microsoft.PowerApps/apis/shared_commondataserviceforapps"},"parameters":{"entityName":"ss_requests","recordId":"@triggerOutputs()?['body/ss_requestid']","$select":"ss_requestid","$expand":"ss_Requester($select=_ss_manager_value;$expand=ss_Manager($select=_ss_manager_value;$expand=ss_Manager($select=_ss_manager_value;$expand=ss_Manager($select=_ss_manager_value;$expand=ss_Manager($select=_ss_manager_value)))))"},"authentication":"@parameters('$authentication')"}},"Append_Manager_1_to_Managers_array_variable":{"runAfter":{"Get_Manager_info_of_Requester":["Succeeded"]},"type":"AppendToArrayVariable","inputs":{"name":"Managers","value":"@coalesce(outputs('Get_Manager_info_of_Requester')?['body/ss_requester/_ss_manager_value'], '')"}},"Append_Manager_2_to_Managers_array_variable":{"runAfter":{"Append_Manager_1_to_Managers_array_variable":["Succeeded"]},"type":"AppendToArrayVariable","inputs":{"name":"Managers","value":"@coalesce(outputs('Get_Manager_info_of_Requester')?['body/ss_requester/ss_manager/_ss_manager_value'], '')"}},"Append_Manager_3_to_Managers_array_variable":{"runAfter":{"Append_Manager_2_to_Managers_array_variable":["Succeeded"]},"type":"AppendToArrayVariable","inputs":{"name":"Managers","value":"@coalesce(outputs('Get_Manager_info_of_Requester')?['body/ss_requester/ss_manager/ss_manager/_ss_manager_value'], '')"}},"Append_Manager_4_to_Managers_array_variable":{"runAfter":{"Append_Manager_3_to_Managers_array_variable":["Succeeded"]},"type":"AppendToArrayVariable","inputs":{"name":"Managers","value":"@coalesce(outputs('Get_Manager_info_of_Requester')?['body/ss_requester/ss_manager/ss_manager/ss_manager/_ss_manager_value'], '')"}},"Append_Manager_5_to_Managers_array_variable":{"runAfter":{"Append_Manager_4_to_Managers_array_variable":["Succeeded"]},"type":"AppendToArrayVariable","inputs":{"name":"Managers","value":"@coalesce(outputs('Get_Manager_info_of_Requester')?['body/ss_requester/ss_manager/ss_manager/ss_manager/ss_manager/_ss_manager_value'], '')"}}},"runAfter":{},"type":"Scope"}}},"Static":{"case":717800001,"actions":{"Append_Managers_Array_variable":{"actions":{"Append_Approver_1_to_Managers_array_variable":{"runAfter":{},"type":"AppendToArrayVariable","inputs":{"name":"Managers","value":"@coalesce(outputs('Get_Approval_Template')?['body/_ss_approver1_value'], '')"}},"Append_Approver_2_to_Managers_array_variable":{"runAfter":{"Append_Approver_1_to_Managers_array_variable":["Succeeded"]},"type":"AppendToArrayVariable","inputs":{"name":"Managers","value":"@coalesce(outputs('Get_Approval_Template')?['body/_ss_approver2_value'], '')"}},"Append_Approver_3_to_Managers_array_variable":{"runAfter":{"Append_Approver_2_to_Managers_array_variable":["Succeeded"]},"type":"AppendToArrayVariable","inputs":{"name":"Managers","value":"@coalesce(outputs('Get_Approval_Template')?['body/_ss_approver3_value'], '')"}},"Append_Approver_4_to_Managers_array_variable":{"runAfter":{"Append_Approver_3_to_Managers_array_variable":["Succeeded"]},"type":"AppendToArrayVariable","inputs":{"name":"Managers","value":"@coalesce(outputs('Get_Approval_Template')?['body/_ss_approver4_value'], '')"}},"Append_Approver_5_to_Managers_array_variable":{"runAfter":{"Append_Approver_4_to_Managers_array_variable":["Succeeded"]},"type":"AppendToArrayVariable","inputs":{"name":"Managers","value":"@coalesce(outputs('Get_Approval_Template')?['body/_ss_approver5_value'], '')"}}},"runAfter":{},"type":"Scope"},"Do_until_Manager_is_Empty":{"actions":{"Create_a_new_Approval_for_Static":{"runAfter":{},"type":"OpenApiConnection","inputs":{"host":{"connectionName":"shared_commondataserviceforapps","operationId":"CreateRecord","apiId":"/providers/Microsoft.PowerApps/apis/shared_commondataserviceforapps"},"parameters":{"entityName":"ss_approvals","item/ss_Approver@odata.bind":"ss_employees(@{variables('Managers')[variables('Current Level')]})","item/ss_levelofapproval":"@add(variables('Current Level'), 1)","item/ss_Request@odata.bind":"ss_requests(@{triggerOutputs()?['body/ss_requestid']})"},"authentication":"@parameters('$authentication')"}},"If_Approval_is_first_approval_or_Approval_Type_is_First_to_Respond_for_Static":{"actions":{"Update_Approval_as_Pending_for_Static":{"runAfter":{},"type":"OpenApiConnection","inputs":{"host":{"connectionName":"shared_commondataserviceforapps","operationId":"UpdateRecord","apiId":"/providers/Microsoft.PowerApps/apis/shared_commondataserviceforapps"},"parameters":{"entityName":"ss_approvals","recordId":"@outputs('Create_a_new_Approval_for_Static')?['body/ss_approvalid']","item/ss_decision":717800000},"authentication":"@parameters('$authentication')"}}},"runAfter":{"Create_a_new_Approval_for_Static":["Succeeded"]},"expression":{"or":[{"equals":["@variables('Current Level')",0]},{"equals":["@outputs('Get_Approval_Template')?['body/ss_approvaltype']",717800001]}]},"type":"If"},"Increment_Current_Level_variable_for_Static":{"runAfter":{"If_Approval_is_first_approval_or_Approval_Type_is_First_to_Respond_for_Static":["Succeeded"]},"type":"IncrementVariable","inputs":{"name":"Current Level","value":1}}},"runAfter":{"Append_Managers_Array_variable":["Succeeded"]},"expression":"@equals(variables('Managers')[variables('Current Level')], '')","limit":{"count":60,"timeout":"PT1H"},"type":"Until"}}}},"default":{"actions":{}},"expression":"@outputs('Get_Approval_Template')?['body/ss_approvertype']","type":"Switch"},"Initialize_Current_Level_variable":{"runAfter":{"Get_Approval_Template":["Succeeded"]},"type":"InitializeVariable","inputs":{"variables":[{"name":"Current Level","type":"integer","value":0}]}},"Initialize_Managers_Array_variable":{"runAfter":{"Initialize_Current_Level_variable":["Succeeded"]},"type":"InitializeVariable","inputs":{"variables":[{"name":"Managers","type":"array"}]}}},"outputs":{}}},"schemaVersion":"1.0.0.0"}