{"properties":{"connectionReferences":{"shared_teams":{"runtimeSource":"embedded","connection":{"connectionReferenceLogicalName":"ss_sharedteams_22b12"},"api":{"name":"shared_teams"}},"shared_commondataserviceforapps":{"runtimeSource":"embedded","connection":{"connectionReferenceLogicalName":"ss_sharedcommondataserviceforapps_0186b"},"api":{"name":"shared_commondataserviceforapps"}}},"definition":{"$schema":"https://schema.management.azure.com/providers/Microsoft.Logic/schemas/2016-06-01/workflowdefinition.json#","contentVersion":"1.0.0.0","parameters":{"$connections":{"defaultValue":{},"type":"Object"},"$authentication":{"defaultValue":{},"type":"SecureObject"}},"triggers":{"When_Request_is_updated_-_Approval_Status":{"type":"OpenApiConnectionWebhook","inputs":{"host":{"connectionName":"shared_commondataserviceforapps","operationId":"SubscribeWebhookTrigger","apiId":"/providers/Microsoft.PowerApps/apis/shared_commondataserviceforapps"},"parameters":{"subscriptionRequest/message":3,"subscriptionRequest/entityname":"ss_request","subscriptionRequest/scope":4,"subscriptionRequest/filteringattributes":"ss_approvalstatus"},"authentication":"@parameters('$authentication')"}}},"actions":{"Switch":{"runAfter":{"Get_the_Requester_Info":["Succeeded"]},"cases":{"Approved_Case":{"case":1,"actions":{"Post_your_own_adaptive_card_as_the_Flow_bot_to_a_Requester_(Approved)":{"runAfter":{},"type":"OpenApiConnection","inputs":{"host":{"connectionName":"shared_teams","operationId":"PostUserAdaptiveCard","apiId":"/providers/Microsoft.PowerApps/apis/shared_teams"},"parameters":{"PostAdaptiveCardRequest/recipient/to":"@{outputs('Get_the_Requester_Info')?['body/ss_requester/emailaddress']};","PostAdaptiveCardRequest/messageBody":"{\n    \"$schema\": \"http://adaptivecards.io/schemas/adaptive-card.json\",\n    \"type\": \"AdaptiveCard\",\n    \"version\": \"1.2\",\n    \"body\": [\n        {\n            \"type\": \"ImageSet\",\n            \"spacing\": \"Small\",\n            \"separator\": true,\n            \"imageSize\": \"Small\",\n            \"images\": [\n                {\n                    \"size\": \"Small\",\n                    \"type\": \"Image\",\n                    \"url\": \"http://clipart-library.com/images_k/check-mark-clip-art-transparent-background/check-mark-clip-art-transparent-background-17.jpg\"\n                }\n            ]\n        },\n        {\n            \"type\": \"TextBlock\",\n            \"text\": \"Good news! Your request \\\"@{triggerOutputs()?['body/ss_name']}\\\" was Approved by @{triggerOutputs()?['body/ss_approvedby']}.\",\n            \"isSubtle\": true,\n            \"wrap\": true,\n            \"$data\": \"@{triggerOutputs()?['body/ss_approvedby']}\"\n        }\n    ]\n}"},"authentication":"@parameters('$authentication')"}}}},"Rejected_Case":{"case":2,"actions":{"Post_your_own_adaptive_card_as_the_Flow_bot_to_a_Requester_(Rejected)":{"runAfter":{},"type":"OpenApiConnection","inputs":{"host":{"connectionName":"shared_teams","operationId":"PostUserAdaptiveCard","apiId":"/providers/Microsoft.PowerApps/apis/shared_teams"},"parameters":{"PostAdaptiveCardRequest/recipient/to":"@{outputs('Get_the_Requester_Info')?['body/ss_requester/emailaddress']};","PostAdaptiveCardRequest/messageBody":"{\n    \"$schema\": \"http://adaptivecards.io/schemas/adaptive-card.json\",\n    \"type\": \"AdaptiveCard\",\n    \"version\": \"1.2\",\n    \"body\": [\n        {\n            \"type\": \"ImageSet\",\n            \"spacing\": \"Small\",\n            \"separator\": true,\n            \"imageSize\": \"Small\",\n            \"images\": [\n                {\n                    \"size\": \"Small\",\n                    \"type\": \"Image\",\n                    \"url\": \"http://clipart-library.com/images_k/red-cross-transparent-background/red-cross-transparent-background-21.jpg\"\n                }\n            ]\n        },\n        {\n            \"type\": \"TextBlock\",\n            \"text\": \"Sorry! Your request \\\"@{triggerOutputs()?['body/ss_name']}\\\" was Rejected by @{triggerOutputs()?['body/ss_rejectedby']} with comments - @{triggerOutputs()?['body/ss_rejectioncomments']}\",\n            \"isSubtle\": true,\n            \"wrap\": true,\n            \"$data\": \"@{triggerOutputs()?['body/ss_rejectioncomments']}\"\n        }\n    ]\n}"},"authentication":"@parameters('$authentication')"}}}}},"default":{"actions":{}},"expression":"@triggerOutputs()?['body/ss_approvalstatus']","type":"Switch"},"Get_the_Requester_Info":{"runAfter":{},"type":"OpenApiConnection","inputs":{"host":{"connectionName":"shared_commondataserviceforapps","operationId":"GetItem","apiId":"/providers/Microsoft.PowerApps/apis/shared_commondataserviceforapps"},"parameters":{"entityName":"ss_requests","recordId":"@triggerOutputs()?['body/ss_requestid']","$select":"ss_name","$expand":"ss_Requester($select=emailaddress)"},"authentication":"@parameters('$authentication')"}}},"outputs":{}}},"schemaVersion":"1.0.0.0"}