<ImportExportXml xmlns:xsi="http://www.w3.org/2001/XMLSchema-instance">
  <Entities>
    <Entity>
      <Name LocalizedName="Contact" OriginalName="">Contact</Name>
      <EntityInfo>
        <entity Name="Contact">
          <attributes>
            <attribute PhysicalName="lzw_IdentificationDocumentUploaded">
              <Type>bit</Type>
              <Name>lzw_identificationdocumentuploaded</Name>
              <LogicalName>lzw_identificationdocumentuploaded</LogicalName>
              <RequiredLevel>none</RequiredLevel>
              <DisplayMask>ValidForAdvancedFind|ValidForForm|ValidForGrid</DisplayMask>
              <ImeMode>auto</ImeMode>
              <ValidForUpdateApi>1</ValidForUpdateApi>
              <ValidForReadApi>1</ValidForReadApi>
              <ValidForCreateApi>1</ValidForCreateApi>
              <IsCustomField>1</IsCustomField>
              <IsAuditEnabled>1</IsAuditEnabled>
              <IsSecured>0</IsSecured>
              <IntroducedVersion>1.0.0.0</IntroducedVersion>
              <IsCustomizable>1</IsCustomizable>
              <IsRenameable>1</IsRenameable>
              <CanModifySearchSettings>1</CanModifySearchSettings>
              <CanModifyRequirementLevelSettings>1</CanModifyRequirementLevelSettings>
              <CanModifyAdditionalSettings>1</CanModifyAdditionalSettings>
              <SourceType>0</SourceType>
              <IsGlobalFilterEnabled>0</IsGlobalFilterEnabled>
              <IsSortableEnabled>0</IsSortableEnabled>
              <CanModifyGlobalFilterSettings>1</CanModifyGlobalFilterSettings>
              <CanModifyIsSortableSettings>1</CanModifyIsSortableSettings>
              <IsDataSourceSecret>0</IsDataSourceSecret>
              <AutoNumberFormat></AutoNumberFormat>
              <IsSearchable>0</IsSearchable>
              <IsFilterable>0</IsFilterable>
              <IsRetrievable>0</IsRetrievable>
              <IsLocalizable>0</IsLocalizable>
              <AppDefaultValue>0</AppDefaultValue>
              <optionset Name="lzw_identificationdocumentuploaded_contact">
                <OptionSetType>bit</OptionSetType>
                <IntroducedVersion>1.0.0.0</IntroducedVersion>
                <IsCustomizable>1</IsCustomizable>
                <displaynames>
                  <displayname description="Identification Document Uploaded" languagecode="1033" />
                </displaynames>
                <Descriptions>
                  <Description description="" languagecode="1033" />
                </Descriptions>
                <options>
                  <option value="1">
                    <labels>
                      <label description="Yes" languagecode="1033" />
                    </labels>
                  </option>
                  <option value="0">
                    <labels>
                      <label description="No" languagecode="1033" />
                    </labels>
                  </option>
                </options>
              </optionset>
              <displaynames>
                <displayname description="Identification Document Uploaded" languagecode="1033" />
              </displaynames>
              <Descriptions>
                <Description description="" languagecode="1033" />
              </Descriptions>
            </attribute>
            <attribute PhysicalName="lzw_IdentityDocumentFile">
              <Type>file</Type>
              <Name>lzw_identitydocumentfile</Name>
              <LogicalName>lzw_identitydocumentfile</LogicalName>
              <RequiredLevel>none</RequiredLevel>
              <DisplayMask>ValidForForm|ValidForGrid</DisplayMask>
              <ImeMode>disabled</ImeMode>
              <ValidForUpdateApi>0</ValidForUpdateApi>
              <ValidForReadApi>1</ValidForReadApi>
              <ValidForCreateApi>0</ValidForCreateApi>
              <IsCustomField>1</IsCustomField>
              <IsAuditEnabled>1</IsAuditEnabled>
              <IsSecured>0</IsSecured>
              <IntroducedVersion>1.0.0.0</IntroducedVersion>
              <IsCustomizable>1</IsCustomizable>
              <IsRenameable>1</IsRenameable>
              <CanModifySearchSettings>0</CanModifySearchSettings>
              <CanModifyRequirementLevelSettings>0</CanModifyRequirementLevelSettings>
              <CanModifyAdditionalSettings>1</CanModifyAdditionalSettings>
              <SourceType>0</SourceType>
              <IsGlobalFilterEnabled>0</IsGlobalFilterEnabled>
              <IsSortableEnabled>0</IsSortableEnabled>
              <CanModifyGlobalFilterSettings>1</CanModifyGlobalFilterSettings>
              <CanModifyIsSortableSettings>0</CanModifyIsSortableSettings>
              <IsDataSourceSecret>0</IsDataSourceSecret>
              <AutoNumberFormat></AutoNumberFormat>
              <IsSearchable>0</IsSearchable>
              <IsFilterable>0</IsFilterable>
              <IsRetrievable>0</IsRetrievable>
              <IsLocalizable>0</IsLocalizable>
              <displaynames>
                <displayname description="Identity Document File" languagecode="1033" />
              </displaynames>
              <Descriptions>
                <Description description="" languagecode="1033" />
              </Descriptions>
            </attribute>
            <attribute PhysicalName="lzw_IdentityDocumentFileURL">
              <Type>nvarchar</Type>
              <Name>lzw_identitydocumentfileurl</Name>
              <LogicalName>lzw_identitydocumentfileurl</LogicalName>
              <RequiredLevel>none</RequiredLevel>
              <DisplayMask>ValidForAdvancedFind|ValidForForm|ValidForGrid</DisplayMask>
              <ImeMode>auto</ImeMode>
              <ValidForUpdateApi>1</ValidForUpdateApi>
              <ValidForReadApi>1</ValidForReadApi>
              <ValidForCreateApi>1</ValidForCreateApi>
              <IsCustomField>1</IsCustomField>
              <IsAuditEnabled>1</IsAuditEnabled>
              <IsSecured>0</IsSecured>
              <IntroducedVersion>1.0.0.0</IntroducedVersion>
              <IsCustomizable>1</IsCustomizable>
              <IsRenameable>1</IsRenameable>
              <CanModifySearchSettings>1</CanModifySearchSettings>
              <CanModifyRequirementLevelSettings>1</CanModifyRequirementLevelSettings>
              <CanModifyAdditionalSettings>1</CanModifyAdditionalSettings>
              <SourceType>0</SourceType>
              <IsGlobalFilterEnabled>0</IsGlobalFilterEnabled>
              <IsSortableEnabled>0</IsSortableEnabled>
              <CanModifyGlobalFilterSettings>1</CanModifyGlobalFilterSettings>
              <CanModifyIsSortableSettings>1</CanModifyIsSortableSettings>
              <IsDataSourceSecret>0</IsDataSourceSecret>
              <AutoNumberFormat></AutoNumberFormat>
              <IsSearchable>0</IsSearchable>
              <IsFilterable>0</IsFilterable>
              <IsRetrievable>0</IsRetrievable>
              <IsLocalizable>0</IsLocalizable>
              <Format>url</Format>
              <MaxLength>1000</MaxLength>
              <Length>2000</Length>
              <displaynames>
                <displayname description="Identity Document File URL" languagecode="1033" />
              </displaynames>
              <Descriptions>
                <Description description="" languagecode="1033" />
              </Descriptions>
            </attribute>
          </attributes>
        </entity>
      </EntityInfo>
      <RibbonDiffXml>
        <CustomActions>
          <CustomAction Id="dxc.sab.contact.Deceased.Button.CustomAction" Location="Mscrm.Form.contact.MainTab.Save.Controls._children" Sequence="45">
            <CommandUIDefinition>
              <Button Alt="$LocLabels:sab.contact.Deceased.Button.Alt" Command="sab.contact.Deceased.Command" Id="sab.contact.Deceased.Button" Image32by32="$webresource:sab_/ribbon/overridedeceased32.png" Image16by16="$webresource:sab_/ribbon/overridedeceased16.png" LabelText="$LocLabels:sab.contact.Deceased.Button.LabelText" Sequence="45" TemplateAlias="o2" ToolTipTitle="$LocLabels:sab.contact.Deceased.Button.ToolTipTitle" ToolTipDescription="$LocLabels:sab.contact.Deceased.Button.ToolTipDescription" />
            </CommandUIDefinition>
          </CustomAction>
          <HideCustomAction HideActionId="sab.Mscrm.Form.contact.CustomizeEntity.Hide" Location="Mscrm.Form.contact.CustomizeEntity" />
          <HideCustomAction HideActionId="sab.Mscrm.Form.contact.Flows.RefreshCommandBar.Hide" Location="Mscrm.Form.contact.Flows.RefreshCommandBar" />
          <HideCustomAction HideActionId="sab.Mscrm.Form.contact.FormDesign.Hide" Location="Mscrm.Form.contact.FormDesign" />
          <HideCustomAction HideActionId="sab.Mscrm.Form.contact.PublishAll.Hide" Location="Mscrm.Form.contact.PublishAll" />
          <HideCustomAction HideActionId="sab.Mscrm.Form.contact.PublishEntity.Hide" Location="Mscrm.Form.contact.PublishEntity" />
          <HideCustomAction HideActionId="sab.Mscrm.Form.contact.RunScript.Hide" Location="Mscrm.Form.contact.RunScript" />
          <HideCustomAction HideActionId="sab.Mscrm.HomepageGrid.contact.CustomizeEntity.Hide" Location="Mscrm.HomepageGrid.contact.CustomizeEntity" />
          <HideCustomAction HideActionId="sab.Mscrm.HomepageGrid.contact.DesignView.Hide" Location="Mscrm.HomepageGrid.contact.DesignView" />
          <HideCustomAction HideActionId="sab.Mscrm.HomepageGrid.contact.Flows.RefreshCommandBar.Hide" Location="Mscrm.HomepageGrid.contact.Flows.RefreshCommandBar" />
          <HideCustomAction HideActionId="sab.Mscrm.HomepageGrid.contact.ManageView.Hide" Location="Mscrm.HomepageGrid.contact.ManageView" />
          <HideCustomAction HideActionId="sab.Mscrm.HomepageGrid.contact.PublishAll.Hide" Location="Mscrm.HomepageGrid.contact.PublishAll" />
          <HideCustomAction HideActionId="sab.Mscrm.HomepageGrid.contact.PublishEntity.Hide" Location="Mscrm.HomepageGrid.contact.PublishEntity" />
          <HideCustomAction HideActionId="sab.Mscrm.HomepageGrid.contact.RunScript.Hide" Location="Mscrm.HomepageGrid.contact.RunScript" />
          <HideCustomAction HideActionId="sab.Mscrm.HomepageGrid.contact.SaveFiltersToCurrentSystemView.Hide" Location="Mscrm.HomepageGrid.contact.SaveFiltersToCurrentSystemView" />
          <HideCustomAction HideActionId="sab.Mscrm.HomepageGrid.contact.SystemView.Hide" Location="Mscrm.HomepageGrid.contact.SystemView" />
          <HideCustomAction HideActionId="sab.Mscrm.SubGrid.contact.RunScript.Hide" Location="Mscrm.SubGrid.contact.RunScript" />
        </CustomActions>
        <Templates>
          <RibbonTemplates Id="Mscrm.Templates"></RibbonTemplates>
        </Templates>
        <CommandDefinitions>
          <CommandDefinition Id="sab.contact.Deceased.Command">
            <EnableRules>
              <EnableRule Id="sab.contact.Deceased.EnableRule" />
            </EnableRules>
            <DisplayRules />
            <Actions>
              <JavaScriptFunction FunctionName="Mind.Crm.Contact.OverrideDeceased" Library="$webresource:sab_/script/sab_contact.js" />
            </Actions>
          </CommandDefinition>
        </CommandDefinitions>
        <RuleDefinitions>
          <TabDisplayRules />
          <DisplayRules />
          <EnableRules>
            <EnableRule Id="sab.contact.Deceased.EnableRule">
              <ValueRule Field="sab_deceased" Value="true" Default="true" InvertResult="false" />
              <RecordPrivilegeRule PrivilegeType="Delete" AppliesTo="PrimaryEntity" Default="true" InvertResult="false" />
            </EnableRule>
          </EnableRules>
        </RuleDefinitions>
        <LocLabels>
          <LocLabel Id="sab.contact.Deceased.Button.Alt">
            <Titles>
              <Title description="Override the deceased flag back to false." languagecode="1033" />
            </Titles>
          </LocLabel>
          <LocLabel Id="sab.contact.Deceased.Button.LabelText">
            <Titles>
              <Title description="Override Deceased" languagecode="1033" />
            </Titles>
          </LocLabel>
          <LocLabel Id="sab.contact.Deceased.Button.ToolTipDescription">
            <Titles>
              <Title description="Override the deceased flag back to false." languagecode="1033" />
            </Titles>
          </LocLabel>
          <LocLabel Id="sab.contact.Deceased.Button.ToolTipTitle">
            <Titles>
              <Title description="Override Deceased " languagecode="1033" />
            </Titles>
          </LocLabel>
        </LocLabels>
      </RibbonDiffXml>
    </Entity>
  </Entities>
  <Roles></Roles>
  <Workflows>
    <Workflow WorkflowId="{449c34f2-eeee-ea11-a815-000d3ad1cf4f}" Name="Move ID Document File to SharePoint">
      <JsonFileName>/Workflows/MoveIDDocumentFiletoSharePoint-449C34F2-EEEE-EA11-A815-000D3AD1CF4F.json</JsonFileName>
      <Type>1</Type>
      <Subprocess>0</Subprocess>
      <Category>5</Category>
      <Mode>0</Mode>
      <Scope>4</Scope>
      <OnDemand>0</OnDemand>
      <TriggerOnCreate>0</TriggerOnCreate>
      <TriggerOnDelete>0</TriggerOnDelete>
      <AsyncAutodelete>0</AsyncAutodelete>
      <SyncWorkflowLogOnFailure>0</SyncWorkflowLogOnFailure>
      <StateCode>1</StateCode>
      <StatusCode>2</StatusCode>
      <RunAs>1</RunAs>
      <IsTransacted>1</IsTransacted>
      <IntroducedVersion>1.0.0.0</IntroducedVersion>
      <IsCustomizable>1</IsCustomizable>
      <BusinessProcessType>0</BusinessProcessType>
      <IsCustomProcessingStepAllowedForOtherPublishers>1</IsCustomProcessingStepAllowedForOtherPublishers>
      <PrimaryEntity>none</PrimaryEntity>
      <LocalizedNames>
        <LocalizedName languagecode="1033" description="Move ID Document File to SharePoint" />
      </LocalizedNames>
    </Workflow>
  </Workflows>
  <FieldSecurityProfiles></FieldSecurityProfiles>
  <Templates />
  <EntityMaps />
  <EntityRelationships>
    <EntityRelationship Name="FileAttachment_Contact_lzw_IdentityDocumentFile">
      <EntityRelationshipType>OneToMany</EntityRelationshipType>
      <IsCustomizable>0</IsCustomizable>
      <IntroducedVersion>1.0.0.0</IntroducedVersion>
      <IsHierarchical>0</IsHierarchical>
      <ReferencingEntityName>Contact</ReferencingEntityName>
      <ReferencedEntityName>FileAttachment</ReferencedEntityName>
      <CascadeAssign>NoCascade</CascadeAssign>
      <CascadeDelete>RemoveLink</CascadeDelete>
      <CascadeReparent>NoCascade</CascadeReparent>
      <CascadeShare>NoCascade</CascadeShare>
      <CascadeUnshare>NoCascade</CascadeUnshare>
      <IsValidForAdvancedFind>0</IsValidForAdvancedFind>
      <ReferencingAttributeName>lzw_IdentityDocumentFile</ReferencingAttributeName>
      <RelationshipDescription>
        <Descriptions>
          <Description description="" languagecode="1033" />
        </Descriptions>
      </RelationshipDescription>
    </EntityRelationship>
  </EntityRelationships>
  <OrganizationSettings />
  <optionsets />
  <CustomControls />
  <EntityDataProviders />
  <Languages>
    <Language>1033</Language>
  </Languages>
</ImportExportXml>