<ImportExportXml version="9.2.22014.130" SolutionPackageVersion="9.2" languagecode="1033" generatedBy="CrmLive" xmlns:xsi="http://www.w3.org/2001/XMLSchema-instance">
  <SolutionManifest>
    <UniqueName>PeopleCounter</UniqueName>
    <LocalizedNames>
      <LocalizedName description="People Counter" languagecode="1033" />
    </LocalizedNames>
    <Descriptions />
    <Version>1.0.0.0</Version>
    <Managed>0</Managed>
    <Publisher>
      <UniqueName>linnzawwin</UniqueName>
      <LocalizedNames>
        <LocalizedName description="Linn Zaw Win" languagecode="1033" />
      </LocalizedNames>
      <Descriptions />
      <EMailAddress xsi:nil="true"></EMailAddress>
      <SupportingWebsiteUrl xsi:nil="true"></SupportingWebsiteUrl>
      <CustomizationPrefix>lzw</CustomizationPrefix>
      <CustomizationOptionValuePrefix>85913</CustomizationOptionValuePrefix>
      <Addresses>
        <Address>
          <AddressNumber>1</AddressNumber>
          <AddressTypeCode>1</AddressTypeCode>
          <City xsi:nil="true"></City>
          <County xsi:nil="true"></County>
          <Country xsi:nil="true"></Country>
          <Fax xsi:nil="true"></Fax>
          <FreightTermsCode xsi:nil="true"></FreightTermsCode>
          <ImportSequenceNumber xsi:nil="true"></ImportSequenceNumber>
          <Latitude xsi:nil="true"></Latitude>
          <Line1 xsi:nil="true"></Line1>
          <Line2 xsi:nil="true"></Line2>
          <Line3 xsi:nil="true"></Line3>
          <Longitude xsi:nil="true"></Longitude>
          <Name xsi:nil="true"></Name>
          <PostalCode xsi:nil="true"></PostalCode>
          <PostOfficeBox xsi:nil="true"></PostOfficeBox>
          <PrimaryContactName xsi:nil="true"></PrimaryContactName>
          <ShippingMethodCode>1</ShippingMethodCode>
          <StateOrProvince xsi:nil="true"></StateOrProvince>
          <Telephone1 xsi:nil="true"></Telephone1>
          <Telephone2 xsi:nil="true"></Telephone2>
          <Telephone3 xsi:nil="true"></Telephone3>
          <TimeZoneRuleVersionNumber xsi:nil="true"></TimeZoneRuleVersionNumber>
          <UPSZone xsi:nil="true"></UPSZone>
          <UTCOffset xsi:nil="true"></UTCOffset>
          <UTCConversionTimeZoneCode xsi:nil="true"></UTCConversionTimeZoneCode>
        </Address>
        <Address>
          <AddressNumber>2</AddressNumber>
          <AddressTypeCode>1</AddressTypeCode>
          <City xsi:nil="true"></City>
          <County xsi:nil="true"></County>
          <Country xsi:nil="true"></Country>
          <Fax xsi:nil="true"></Fax>
          <FreightTermsCode xsi:nil="true"></FreightTermsCode>
          <ImportSequenceNumber xsi:nil="true"></ImportSequenceNumber>
          <Latitude xsi:nil="true"></Latitude>
          <Line1 xsi:nil="true"></Line1>
          <Line2 xsi:nil="true"></Line2>
          <Line3 xsi:nil="true"></Line3>
          <Longitude xsi:nil="true"></Longitude>
          <Name xsi:nil="true"></Name>
          <PostalCode xsi:nil="true"></PostalCode>
          <PostOfficeBox xsi:nil="true"></PostOfficeBox>
          <PrimaryContactName xsi:nil="true"></PrimaryContactName>
          <ShippingMethodCode>1</ShippingMethodCode>
          <StateOrProvince xsi:nil="true"></StateOrProvince>
          <Telephone1 xsi:nil="true"></Telephone1>
          <Telephone2 xsi:nil="true"></Telephone2>
          <Telephone3 xsi:nil="true"></Telephone3>
          <TimeZoneRuleVersionNumber xsi:nil="true"></TimeZoneRuleVersionNumber>
          <UPSZone xsi:nil="true"></UPSZone>
          <UTCOffset xsi:nil="true"></UTCOffset>
          <UTCConversionTimeZoneCode xsi:nil="true"></UTCConversionTimeZoneCode>
        </Address>
      </Addresses>
    </Publisher>
    <RootComponents>
      <RootComponent type="1" schemaName="lzw_snapshot" behavior="0" />
      <RootComponent type="29" id="{98d32cdb-f88b-ec11-93b0-000d3ad16a53}" behavior="0" />
      <RootComponent type="29" id="{ad2a2a6c-ca8b-ec11-93b0-000d3ad16a53}" behavior="0" />
      <RootComponent type="29" id="{e595f6f5-c88b-ec11-93b0-000d3ad16a53}" behavior="0" />
      <RootComponent type="300" schemaName="lzw_counterdisplayapp_a3b8c" behavior="0" />
      <RootComponent type="300" schemaName="lzw_intervalcamera_a39b7" behavior="0" />
      <RootComponent type="401" id="{4602d244-491e-4412-b1cd-257004c14628}" behavior="0" />
      <RootComponent type="431" schemaName="lzw_snapshot lzw_image" behavior="0" />
      <RootComponent type="432" schemaName="lzw_snapshot" behavior="0" />
    </RootComponents>
    <MissingDependencies>
      <MissingDependency>
        <Required type="connectionreference" displayName="lzw_sharedsharepointonline_47bbe" solution="Active" id.connectionreferencelogicalname="lzw_sharedsharepointonline_47bbe" />
        <Dependent type="29" displayName="Power Apps - Get Latest Count" id="{98d32cdb-f88b-ec11-93b0-000d3ad16a53}" />
      </MissingDependency>
      <MissingDependency>
        <Required type="connectionreference" displayName="lzw_sharedsharepointonline_47bbe" solution="Active" id.connectionreferencelogicalname="lzw_sharedsharepointonline_47bbe" />
        <Dependent type="29" displayName="SharePoint File - Count People in Image" id="{ad2a2a6c-ca8b-ec11-93b0-000d3ad16a53}" />
      </MissingDependency>
      <MissingDependency>
        <Required type="connectionreference" displayName="lzw_sharedsharepointonline_47bbe" solution="Active" id.connectionreferencelogicalname="lzw_sharedsharepointonline_47bbe" />
        <Dependent type="29" displayName="Power Apps - Upload File to SharePoint Library" id="{e595f6f5-c88b-ec11-93b0-000d3ad16a53}" />
      </MissingDependency>
      <MissingDependency>
        <Required type="connectionreference" displayName="lzw_TimeTrackingDataverseConnectionReference" solution="Active" id.connectionreferencelogicalname="lzw_TimeTrackingDataverseConnectionReference" />
        <Dependent type="29" displayName="SharePoint File - Count People in Image" id="{ad2a2a6c-ca8b-ec11-93b0-000d3ad16a53}" />
      </MissingDependency>
    </MissingDependencies>
  </SolutionManifest>
</ImportExportXml>