{"properties":{"connectionReferences":{"shared_sharepointonline":{"runtimeSource":"invoker","connection":{"connectionReferenceLogicalName":"lzw_sharedsharepointonline_47bbe"},"api":{"name":"shared_sharepointonline"}}},"definition":{"$schema":"https://schema.management.azure.com/providers/Microsoft.Logic/schemas/2016-06-01/workflowdefinition.json#","contentVersion":"1.0.0.0","parameters":{"$connections":{"defaultValue":{},"type":"Object"},"$authentication":{"defaultValue":{},"type":"SecureObject"}},"triggers":{"manual":{"metadata":{"operationMetadataId":"57d365cf-b4c7-4649-a8af-ccbc0733ec2f"},"type":"Request","kind":"PowerAppV2","inputs":{"schema":{"type":"object","properties":{},"required":[]}}}},"actions":{"Respond_to_a_PowerApp_or_flow":{"runAfter":{"Get_files_(properties_only)":["Succeeded"]},"metadata":{"operationMetadataId":"c111fc5e-ac83-49c4-bcd4-8f13d7eb0c2d"},"type":"Response","kind":"PowerApp","inputs":{"statusCode":200,"body":{"count":"@{first(outputs('Get_files_(properties_only)')?['body/value'])?['Count']}"},"schema":{"type":"object","properties":{"count":{"title":"Count","x-ms-dynamically-added":true,"type":"string"}}}}},"Get_files_(properties_only)":{"runAfter":{},"metadata":{"operationMetadataId":"4c598143-2ec5-4c8b-bf14-a4d18359364f"},"type":"OpenApiConnection","inputs":{"host":{"connectionName":"shared_sharepointonline","operationId":"GetFileItems","apiId":"/providers/Microsoft.PowerApps/apis/shared_sharepointonline"},"parameters":{"dataset":"https://linnzawwin.sharepoint.com/sites/documents","table":"46d5e316-3cfa-4e7f-af17-afb9bab6e76d","$orderby":"Created desc","$top":1},"authentication":"@parameters('$authentication')"}}},"outputs":{}}},"schemaVersion":"1.0.0.0"}