{"properties":{"connectionReferences":{"shared_commondataserviceforapps":{"runtimeSource":"embedded","connection":{"connectionReferenceLogicalName":"lzw_TimeTrackingDataverseConnectionReference"},"api":{"name":"shared_commondataserviceforapps"}},"shared_sharepointonline":{"runtimeSource":"embedded","connection":{"connectionReferenceLogicalName":"lzw_sharedsharepointonline_47bbe"},"api":{"name":"shared_sharepointonline"}}},"definition":{"$schema":"https://schema.management.azure.com/providers/Microsoft.Logic/schemas/2016-06-01/workflowdefinition.json#","contentVersion":"1.0.0.0","parameters":{"$connections":{"defaultValue":{},"type":"Object"},"$authentication":{"defaultValue":{},"type":"SecureObject"}},"triggers":{"When_a_file_is_created_in_a_folder":{"recurrence":{"interval":3,"frequency":"Minute"},"metadata":{"%252fImages1":"/Images1","operationMetadataId":"622f4992-e115-466e-9fe6-8ac84be574fb"},"type":"OpenApiConnection","inputs":{"host":{"connectionName":"shared_sharepointonline","operationId":"OnNewFile","apiId":"/providers/Microsoft.PowerApps/apis/shared_sharepointonline"},"parameters":{"dataset":"https://linnzawwin.sharepoint.com/sites/documents","folderId":"%252fImages1","inferContentType":true},"authentication":"@parameters('$authentication')"}}},"actions":{"Detect_and_count_People_in_images":{"runAfter":{},"metadata":{"operationMetadataId":"5d05d690-47b3-434d-bea6-441c236a5252","flowSystemMetadata":{"portalOperationId":"aibuilderpredict_objectdetection","portalOperationGroup":"aibuilder","portalOperationApiDisplayNameOverride":"AI Builder","portalOperationIconOverride":"https://psuxaustralia.azureedge.net/Content/Images/DesignerOperations/aiBuilder.png","portalOperationBrandColorOverride":"#742775","portalOperationApiTierOverride":"Standard"}},"type":"OpenApiConnection","inputs":{"host":{"connectionName":"shared_commondataserviceforapps","operationId":"aibuilderpredict_objectdetection","apiId":"/providers/Microsoft.PowerApps/apis/shared_commondataserviceforapps"},"parameters":{"recordId":"4602d244-491e-4412-b1cd-257004c14628","item/requestv2/base64Encoded":"@triggerOutputs()?['body']"},"authentication":"@parameters('$authentication')"}},"Update_file_properties_with_People_Count":{"runAfter":{"Send_an_HTTP_request_to_SharePoint":["Succeeded"]},"metadata":{"operationMetadataId":"79e01bfc-6261-44f3-adc8-3c969e3dbcdc"},"type":"OpenApiConnection","inputs":{"host":{"connectionName":"shared_sharepointonline","operationId":"PatchFileItem","apiId":"/providers/Microsoft.PowerApps/apis/shared_sharepointonline"},"parameters":{"dataset":"https://linnzawwin.sharepoint.com/sites/documents","table":"46d5e316-3cfa-4e7f-af17-afb9bab6e76d","id":"@body('Send_an_HTTP_request_to_SharePoint')?['d/ID']","item/Count":"@length(outputs('Detect_and_count_People_in_images')?['body/responsev2/predictionOutput/results'])"},"authentication":"@parameters('$authentication')"}},"Send_an_HTTP_request_to_SharePoint":{"runAfter":{"Detect_and_count_People_in_images":["Succeeded"]},"metadata":{"operationMetadataId":"a9be9c36-87a2-4823-9236-53aabead4ffb"},"type":"OpenApiConnection","inputs":{"host":{"connectionName":"shared_sharepointonline","operationId":"HttpRequest","apiId":"/providers/Microsoft.PowerApps/apis/shared_sharepointonline"},"parameters":{"dataset":"https://linnzawwin.sharepoint.com/sites/documents","parameters/method":"GET","parameters/uri":"_api/web/GetFileByServerRelativeUrl('/sites/documents/@{triggerOutputs()?['headers/x-ms-file-path']}')/listItemAllFields?$select=Id"},"authentication":"@parameters('$authentication')"}}},"outputs":{}}},"schemaVersion":"1.0.0.0"}