<environmentvariabledefinition schemaname="lzw_SharePointFolderStructure">
  <defaultvalue>{"folderstructure":[]}</defaultvalue>
  <description default="The Folder Structure to be created in SharePoint document location">
    <label description="The Folder Structure to be created in SharePoint document location" languagecode="1033" />
  </description>
  <displayname default="SharePoint Folder Structure">
    <label description="SharePoint Folder Structure" languagecode="1033" />
  </displayname>
  <introducedversion>1.0.0.0</introducedversion>
  <iscustomizable>1</iscustomizable>
  <isrequired>0</isrequired>
  <type>100000003</type>
</environmentvariabledefinition>